000001,平安银行,szmb000001
000002,万  科Ａ,szmb000002
000004,国农科技,szmb000004
000005,世纪星源,szmb000005
000006,深振业Ａ,szmb000006
000007,全新好,szmb000007
000008,神州高铁,szmb000008
000009,中国宝安,szmb000009
000010,美丽生态,szmb000010
000011,深物业A,szmb000011
000012,南  玻Ａ,szmb000012
000014,沙河股份,szmb000014
000016,深康佳Ａ,szmb000016
000017,深中华A,szmb000017
000018,神州长城,szmb000018
000019,深深宝Ａ,szmb000019
000020,深华发Ａ,szmb000020
000021,深科技,szmb000021
000022,深赤湾Ａ,szmb000022
000023,深天地Ａ,szmb000023
000025,特  力Ａ,szmb000025
000026,飞亚达Ａ,szmb000026
000027,深圳能源,szmb000027
000028,国药一致,szmb000028
000029,深深房Ａ,szmb000029
000030,富奥股份,szmb000030
000031,中粮地产,szmb000031
000032,深桑达Ａ,szmb000032
000034,神州数码,szmb000034
000035,中国天楹,szmb000035
000036,华联控股,szmb000036
000037,深南电A,szmb000037
000038,深大通,szmb000038
000039,中集集团,szmb000039
000040,东旭蓝天,szmb000040
000042,中洲控股,szmb000042
000043,中航地产,szmb000043
000045,深纺织Ａ,szmb000045
000046,泛海控股,szmb000046
000048,康达尔,szmb000048
000049,德赛电池,szmb000049
000050,深天马Ａ,szmb000050
000055,方大集团,szmb000055
000056,皇庭国际,szmb000056
000058,深 赛 格,szmb000058
000059,华锦股份,szmb000059
000060,中金岭南,szmb000060
000061,农 产 品,szmb000061
000062,深圳华强,szmb000062
000063,中兴通讯,szmb000063
000065,北方国际,szmb000065
000066,中国长城,szmb000066
000068,华控赛格,szmb000068
000069,华侨城Ａ,szmb000069
000070,特发信息,szmb000070
000078,海王生物,szmb000078
000088,盐 田 港,szmb000088
000089,深圳机场,szmb000089
000090,天健集团,szmb000090
000096,广聚能源,szmb000096
000099,中信海直,szmb000099
000100,TCL 集团,szmb000100
000150,宜华健康,szmb000150
000151,中成股份,szmb000151
000153,丰原药业,szmb000153
000155,川化股份,szmb000155
000156,华数传媒,szmb000156
000157,中联重科,szmb000157
000158,常山北明,szmb000158
000159,国际实业,szmb000159
000166,申万宏源,szmb000166
000301,东方市场,szmb000301
000333,美的集团,szmb000333
000338,潍柴动力,szmb000338
000400,许继电气,szmb000400
000401,冀东水泥,szmb000401
000402,金 融 街,szmb000402
000403,ST生化,szmb000403
000404,华意压缩,szmb000404
000407,胜利股份,szmb000407
000408,藏格控股,szmb000408
000409,山东地矿,szmb000409
000410,*ST沈机,szmb000410
000411,英特集团,szmb000411
000413,东旭光电,szmb000413
000415,渤海金控,szmb000415
000416,民生控股,szmb000416
000417,合肥百货,szmb000417
000418,小天鹅Ａ,szmb000418
000419,通程控股,szmb000419
000420,吉林化纤,szmb000420
000421,南京公用,szmb000421
000422,湖北宜化,szmb000422
000423,东阿阿胶,szmb000423
000425,徐工机械,szmb000425
000426,兴业矿业,szmb000426
000428,华天酒店,szmb000428
000429,粤高速Ａ,szmb000429
000430,张家界,szmb000430
000488,晨鸣纸业,szmb000488
000498,山东路桥,szmb000498
000501,鄂武商Ａ,szmb000501
000502,绿景控股,szmb000502
000503,海虹控股,szmb000503
000504,南华生物,szmb000504
000505,珠江控股,szmb000505
000506,中润资源,szmb000506
000507,珠海港,szmb000507
000509,华塑控股,szmb000509
000510,金路集团,szmb000510
000511,*ST烯碳,szmb000511
000513,丽珠集团,szmb000513
000514,渝 开 发,szmb000514
000516,国际医学,szmb000516
000517,荣安地产,szmb000517
000518,四环生物,szmb000518
000519,中兵红箭,szmb000519
000520,长航凤凰,szmb000520
000521,美菱电器,szmb000521
000523,广州浪奇,szmb000523
000524,岭南控股,szmb000524
000525,红 太 阳,szmb000525
000526,*ST紫学,szmb000526
000528,柳    工,szmb000528
000529,广弘控股,szmb000529
000530,大冷股份,szmb000530
000531,穗恒运Ａ,szmb000531
000532,华金资本,szmb000532
000533,万 家 乐,szmb000533
000534,万泽股份,szmb000534
000536,华映科技,szmb000536
000537,广宇发展,szmb000537
000538,云南白药,szmb000538
000539,粤电力Ａ,szmb000539
000540,中天金融,szmb000540
000541,佛山照明,szmb000541
000543,皖能电力,szmb000543
000544,中原环保,szmb000544
000545,金浦钛业,szmb000545
000546,金圆股份,szmb000546
000547,航天发展,szmb000547
000548,湖南投资,szmb000548
000550,江铃汽车,szmb000550
000551,创元科技,szmb000551
000552,靖远煤电,szmb000552
000553,沙隆达Ａ,szmb000553
000554,泰山石油,szmb000554
000555,神州信息,szmb000555
000557,西部创业,szmb000557
000558,莱茵体育,szmb000558
000559,万向钱潮,szmb000559
000560,昆百大Ａ,szmb000560
000561,烽火电子,szmb000561
000563,陕国投Ａ,szmb000563
000564,供销大集,szmb000564
000565,渝三峡Ａ,szmb000565
000566,海南海药,szmb000566
000567,海德股份,szmb000567
000568,泸州老窖,szmb000568
000570,苏常柴Ａ,szmb000570
000571,新大洲Ａ,szmb000571
000572,海马汽车,szmb000572
000573,粤宏远Ａ,szmb000573
000576,广东甘化,szmb000576
000581,威孚高科,szmb000581
000582,北部湾港,szmb000582
000584,哈工智能,szmb000584
000585,东北电气,szmb000585
000586,汇源通信,szmb000586
000587,金洲慈航,szmb000587
000589,黔轮胎Ａ,szmb000589
000590,启迪古汉,szmb000590
000591,太阳能,szmb000591
000592,平潭发展,szmb000592
000593,大通燃气,szmb000593
000595,*ST宝实,szmb000595
000596,古井贡酒,szmb000596
000597,东北制药,szmb000597
000598,兴蓉环境,szmb000598
000599,青岛双星,szmb000599
000600,建投能源,szmb000600
000601,韶能股份,szmb000601
000603,盛达矿业,szmb000603
000605,渤海股份,szmb000605
000606,神州易桥,szmb000606
000607,华媒控股,szmb000607
000608,阳光股份,szmb000608
000609,绵石投资,szmb000609
000610,西安旅游,szmb000610
000611,天首发展,szmb000611
000612,焦作万方,szmb000612
000613,*ST东海A,szmb000613
000615,京汉股份,szmb000615
000616,海航投资,szmb000616
000617,中油资本,szmb000617
000619,海螺型材,szmb000619
000620,新华联,szmb000620
000622,恒立实业,szmb000622
000623,吉林敖东,szmb000623
000625,长安汽车,szmb000625
000626,远大控股,szmb000626
000627,天茂集团,szmb000627
000628,高新发展,szmb000628
000629,*ST钒钛,szmb000629
000630,铜陵有色,szmb000630
000631,顺发恒业,szmb000631
000632,三木集团,szmb000632
000633,合金投资,szmb000633
000635,英 力 特,szmb000635
000636,风华高科,szmb000636
000637,茂化实华,szmb000637
000638,万方发展,szmb000638
000639,西王食品,szmb000639
000650,仁和药业,szmb000650
000651,格力电器,szmb000651
000652,泰达股份,szmb000652
000655,金岭矿业,szmb000655
000656,金科股份,szmb000656
000657,中钨高新,szmb000657
000659,*ST中富,szmb000659
000661,长春高新,szmb000661
000662,天夏智慧,szmb000662
000663,永安林业,szmb000663
000665,湖北广电,szmb000665
000666,经纬纺机,szmb000666
000667,美好置业,szmb000667
000668,荣丰控股,szmb000668
000669,金鸿控股,szmb000669
000670,盈方微,szmb000670
000671,阳 光 城,szmb000671
000672,上峰水泥,szmb000672
000673,当代东方,szmb000673
000676,智度股份,szmb000676
000677,恒天海龙,szmb000677
000678,襄阳轴承,szmb000678
000679,大连友谊,szmb000679
000680,山推股份,szmb000680
000681,视觉中国,szmb000681
000682,东方电子,szmb000682
000683,远兴能源,szmb000683
000685,中山公用,szmb000685
000686,东北证券,szmb000686
000687,华讯方舟,szmb000687
000688,建新矿业,szmb000688
000690,宝新能源,szmb000690
000691,亚太实业,szmb000691
000692,惠天热电,szmb000692
000693,*ST华泽,szmb000693
000695,滨海能源,szmb000695
000697,炼石有色,szmb000697
000698,沈阳化工,szmb000698
000700,模塑科技,szmb000700
000701,厦门信达,szmb000701
000702,正虹科技,szmb000702
000703,恒逸石化,szmb000703
000705,浙江震元,szmb000705
000707,双环科技,szmb000707
000708,大冶特钢,szmb000708
000709,河钢股份,szmb000709
000710,贝瑞基因,szmb000710
000711,京蓝科技,szmb000711
000712,锦龙股份,szmb000712
000713,丰乐种业,szmb000713
000715,中兴商业,szmb000715
000716,黑芝麻,szmb000716
000717,韶钢松山,szmb000717
000718,苏宁环球,szmb000718
000719,中原传媒,szmb000719
000720,新能泰山,szmb000720
000721,西安饮食,szmb000721
000722,湖南发展,szmb000722
000723,美锦能源,szmb000723
000725,京东方Ａ,szmb000725
000726,鲁  泰Ａ,szmb000726
000727,华东科技,szmb000727
000728,国元证券,szmb000728
000729,燕京啤酒,szmb000729
000731,四川美丰,szmb000731
000732,泰禾集团,szmb000732
000733,振华科技,szmb000733
000735,罗 牛 山,szmb000735
000736,中交地产,szmb000736
000737,南风化工,szmb000737
000738,航发控制,szmb000738
000739,普洛药业,szmb000739
000750,国海证券,szmb000750
000751,锌业股份,szmb000751
000752,西藏发展,szmb000752
000753,漳州发展,szmb000753
000755,*ST三维,szmb000755
000756,新华制药,szmb000756
000757,浩物股份,szmb000757
000758,中色股份,szmb000758
000759,中百集团,szmb000759
000760,斯太尔,szmb000760
000761,本钢板材,szmb000761
000762,西藏矿业,szmb000762
000766,通化金马,szmb000766
000767,漳泽电力,szmb000767
000768,中航飞机,szmb000768
000776,广发证券,szmb000776
000777,中核科技,szmb000777
000778,新兴铸管,szmb000778
000779,三毛派神,szmb000779
000780,*ST平能,szmb000780
000782,美达股份,szmb000782
000783,长江证券,szmb000783
000785,武汉中商,szmb000785
000786,北新建材,szmb000786
000788,北大医药,szmb000788
000789,万年青,szmb000789
000790,泰合健康,szmb000790
000791,甘肃电投,szmb000791
000792,盐湖股份,szmb000792
000793,华闻传媒,szmb000793
000795,英洛华,szmb000795
000796,凯撒旅游,szmb000796
000797,中国武夷,szmb000797
000798,中水渔业,szmb000798
000799,酒鬼酒,szmb000799
000800,一汽轿车,szmb000800
000801,四川九洲,szmb000801
000802,北京文化,szmb000802
000803,*ST金宇,szmb000803
000806,银河生物,szmb000806
000807,云铝股份,szmb000807
000809,*ST新城,szmb000809
000810,创维数字,szmb000810
000811,冰轮环境,szmb000811
000812,陕西金叶,szmb000812
000813,德展健康,szmb000813
000815,美利云,szmb000815
000816,智慧农业,szmb000816
000818,方大化工,szmb000818
000819,岳阳兴长,szmb000819
000820,神雾节能,szmb000820
000821,京山轻机,szmb000821
000822,山东海化,szmb000822
000823,超声电子,szmb000823
000825,太钢不锈,szmb000825
000826,启迪桑德,szmb000826
000828,东莞控股,szmb000828
000829,天音控股,szmb000829
000830,鲁西化工,szmb000830
000831,五矿稀土,szmb000831
000833,贵糖股份,szmb000833
000835,长城动漫,szmb000835
000836,鑫茂科技,szmb000836
000837,秦川机床,szmb000837
000838,财信发展,szmb000838
000839,中信国安,szmb000839
000848,承德露露,szmb000848
000850,华茂股份,szmb000850
000851,高鸿股份,szmb000851
000852,石化机械,szmb000852
000856,冀东装备,szmb000856
000858,五 粮 液,szmb000858
000859,国风塑业,szmb000859
000860,顺鑫农业,szmb000860
000861,海印股份,szmb000861
000862,银星能源,szmb000862
000863,三湘印象,szmb000863
000868,安凯客车,szmb000868
000869,张  裕Ａ,szmb000869
000875,吉电股份,szmb000875
000876,新 希 望,szmb000876
000877,天山股份,szmb000877
000878,云南铜业,szmb000878
000880,潍柴重机,szmb000880
000881,中广核技,szmb000881
000882,华联股份,szmb000882
000883,湖北能源,szmb000883
000885,同力水泥,szmb000885
000886,海南高速,szmb000886
000887,中鼎股份,szmb000887
000888,峨眉山Ａ,szmb000888
000889,茂业通信,szmb000889
000890,法 尔 胜,szmb000890
000892,欢瑞世纪,szmb000892
000893,东凌国际,szmb000893
000895,双汇发展,szmb000895
000897,津滨发展,szmb000897
000898,鞍钢股份,szmb000898
000899,赣能股份,szmb000899
000900,现代投资,szmb000900
000901,航天科技,szmb000901
000902,新洋丰,szmb000902
000903,云内动力,szmb000903
000905,厦门港务,szmb000905
000906,浙商中拓,szmb000906
000908,景峰医药,szmb000908
000909,数源科技,szmb000909
000910,大亚圣象,szmb000910
000911,南宁糖业,szmb000911
000912,*ST天化,szmb000912
000913,钱江摩托,szmb000913
000915,山大华特,szmb000915
000917,电广传媒,szmb000917
000918,嘉凯城,szmb000918
000919,金陵药业,szmb000919
000920,南方汇通,szmb000920
000921,海信科龙,szmb000921
000922,*ST佳电,szmb000922
000923,河北宣工,szmb000923
000925,众合科技,szmb000925
000926,福星股份,szmb000926
000927,一汽夏利,szmb000927
000928,中钢国际,szmb000928
000929,兰州黄河,szmb000929
000930,中粮生化,szmb000930
000931,中 关 村,szmb000931
000932,*ST华菱,szmb000932
000933,神火股份,szmb000933
000935,四川双马,szmb000935
000936,华西股份,szmb000936
000937,冀中能源,szmb000937
000938,紫光股份,szmb000938
000939,凯迪生态,szmb000939
000948,南天信息,szmb000948
000949,新乡化纤,szmb000949
000950,*ST建峰,szmb000950
000951,中国重汽,szmb000951
000952,广济药业,szmb000952
000953,*ST河化,szmb000953
000955,欣龙控股,szmb000955
000957,中通客车,szmb000957
000958,东方能源,szmb000958
000959,首钢股份,szmb000959
000960,锡业股份,szmb000960
000961,中南建设,szmb000961
000962,东方钽业,szmb000962
000963,华东医药,szmb000963
000965,天保基建,szmb000965
000966,长源电力,szmb000966
000967,盈峰环境,szmb000967
000968,蓝焰控股,szmb000968
000969,安泰科技,szmb000969
000970,中科三环,szmb000970
000971,高升控股,szmb000971
000972,*ST中基,szmb000972
000973,佛塑科技,szmb000973
000975,银泰资源,szmb000975
000976,华铁股份,szmb000976
000977,浪潮信息,szmb000977
000978,桂林旅游,szmb000978
000979,中弘股份,szmb000979
000980,众泰汽车,szmb000980
000981,银亿股份,szmb000981
000982,*ST 中绒,szmb000982
000983,西山煤电,szmb000983
000985,大庆华科,szmb000985
000987,越秀金控,szmb000987
000988,华工科技,szmb000988
000989,九 芝 堂,szmb000989
000990,诚志股份,szmb000990
000993,闽东电力,szmb000993
000995,皇台酒业,szmb000995
000996,中国中期,szmb000996
000997,新 大 陆,szmb000997
000998,隆平高科,szmb000998
000999,华润三九,szmb000999
001696,宗申动力,szmb001696
001896,豫能控股,szmb001896
001965,招商公路,szmb001965
001979,招商蛇口,szmb001979
200011,深物业B,szmb200011
200012,南  玻Ｂ,szmb200012
200016,深康佳Ｂ,szmb200016
200017,深中华B,szmb200017
200018,神州B,szmb200018
200019,深深宝Ｂ,szmb200019
200020,深华发Ｂ,szmb200020
200022,深赤湾Ｂ,szmb200022
200025,特  力Ｂ,szmb200025
200026,飞亚达Ｂ,szmb200026
200028,一致Ｂ,szmb200028
200029,深深房Ｂ,szmb200029
200030,富奥B,szmb200030
200037,深南电B,szmb200037
200045,深纺织Ｂ,szmb200045
200053,深基地Ｂ,szmb200053
200054,建车B,szmb200054
200055,方大Ｂ,szmb200055
200056,皇庭B,szmb200056
200058,深赛格B,szmb200058
200152,山  航Ｂ,szmb200152
200160,东沣B,szmb200160
200168,舜喆B,szmb200168
200413,东旭B,szmb200413
200418,小天鹅Ｂ,szmb200418
200429,粤高速Ｂ,szmb200429
200468,*ST宁通B,szmb200468
200488,晨  鸣Ｂ,szmb200488
200505,珠江B,szmb200505
200512,闽灿坤Ｂ,szmb200512
200521,皖美菱Ｂ,szmb200521
200530,大  冷Ｂ,szmb200530
200539,粤电力Ｂ,szmb200539
200541,粤照明Ｂ,szmb200541
200550,江  铃Ｂ,szmb200550
200553,沙隆达Ｂ,szmb200553
200570,苏常柴Ｂ,szmb200570
200581,苏威孚Ｂ,szmb200581
200596,古井贡Ｂ,szmb200596
200613,*ST东海B,szmb200613
200625,长  安Ｂ,szmb200625
200706,瓦轴B,szmb200706
200725,京东方Ｂ,szmb200725
200726,鲁  泰Ｂ,szmb200726
200761,本钢板Ｂ,szmb200761
200771,杭汽轮Ｂ,szmb200771
200869,张  裕Ｂ,szmb200869
200986,粤华包Ｂ,szmb200986
200992,中  鲁Ｂ,szmb200992
002001,新 和 成,szsme002001
002002,鸿达兴业,szsme002002
002003,伟星股份,szsme002003
002004,华邦健康,szsme002004
002005,德豪润达,szsme002005
002006,精功科技,szsme002006
002007,华兰生物,szsme002007
002008,大族激光,szsme002008
002009,天奇股份,szsme002009
002010,传化智联,szsme002010
002011,盾安环境,szsme002011
002012,凯恩股份,szsme002012
002013,中航机电,szsme002013
002014,永新股份,szsme002014
002015,霞客环保,szsme002015
002016,世荣兆业,szsme002016
002017,东信和平,szsme002017
002018,华信国际,szsme002018
002019,亿帆医药,szsme002019
002020,京新药业,szsme002020
002021,中捷资源,szsme002021
002022,科华生物,szsme002022
002023,海特高新,szsme002023
002024,苏宁云商,szsme002024
002025,航天电器,szsme002025
002026,山东威达,szsme002026
002027,分众传媒,szsme002027
002028,思源电气,szsme002028
002029,七 匹 狼,szsme002029
002030,达安基因,szsme002030
002031,巨轮智能,szsme002031
002032,苏 泊 尔,szsme002032
002033,丽江旅游,szsme002033
002034,旺能环境,szsme002034
002035,华帝股份,szsme002035
002036,联创电子,szsme002036
002037,久联发展,szsme002037
002038,双鹭药业,szsme002038
002039,黔源电力,szsme002039
002040,南 京 港,szsme002040
002041,登海种业,szsme002041
002042,华孚时尚,szsme002042
002043,兔 宝 宝,szsme002043
002044,美年健康,szsme002044
002045,国光电器,szsme002045
002046,轴研科技,szsme002046
002047,宝鹰股份,szsme002047
002048,宁波华翔,szsme002048
002049,紫光国芯,szsme002049
002050,三花智控,szsme002050
002051,中工国际,szsme002051
002052,同洲电子,szsme002052
002053,云南能投,szsme002053
002054,德美化工,szsme002054
002055,得润电子,szsme002055
002056,横店东磁,szsme002056
002057,中钢天源,szsme002057
002058,威 尔 泰,szsme002058
002059,云南旅游,szsme002059
002060,粤 水 电,szsme002060
002061,浙江交科,szsme002061
002062,宏润建设,szsme002062
002063,远光软件,szsme002063
002064,华峰氨纶,szsme002064
002065,东华软件,szsme002065
002066,瑞泰科技,szsme002066
002067,景兴纸业,szsme002067
002068,黑猫股份,szsme002068
002069,獐子岛,szsme002069
002070,*ST众和,szsme002070
002071,长城影视,szsme002071
002072,凯瑞德,szsme002072
002073,软控股份,szsme002073
002074,国轩高科,szsme002074
002075,沙钢股份,szsme002075
002076,雪 莱 特,szsme002076
002077,大港股份,szsme002077
002078,太阳纸业,szsme002078
002079,苏州固锝,szsme002079
002080,中材科技,szsme002080
002081,金 螳 螂,szsme002081
002082,万邦德,szsme002082
002083,孚日股份,szsme002083
002084,海鸥卫浴,szsme002084
002085,万丰奥威,szsme002085
002086,东方海洋,szsme002086
002087,新野纺织,szsme002087
002088,鲁阳节能,szsme002088
002089,新 海 宜,szsme002089
002090,金智科技,szsme002090
002091,江苏国泰,szsme002091
002092,中泰化学,szsme002092
002093,国脉科技,szsme002093
002094,青岛金王,szsme002094
002095,生 意 宝,szsme002095
002096,南岭民爆,szsme002096
002097,山河智能,szsme002097
002098,浔兴股份,szsme002098
002099,海翔药业,szsme002099
002100,天康生物,szsme002100
002101,广东鸿图,szsme002101
002102,冠福股份,szsme002102
002103,广博股份,szsme002103
002104,恒宝股份,szsme002104
002105,信隆健康,szsme002105
002106,莱宝高科,szsme002106
002107,沃华医药,szsme002107
002108,沧州明珠,szsme002108
002109,兴化股份,szsme002109
002110,三钢闽光,szsme002110
002111,威海广泰,szsme002111
002112,三变科技,szsme002112
002113,天润数娱,szsme002113
002114,罗平锌电,szsme002114
002115,三维通信,szsme002115
002116,中国海诚,szsme002116
002117,东港股份,szsme002117
002118,紫鑫药业,szsme002118
002119,康强电子,szsme002119
002120,韵达股份,szsme002120
002121,科陆电子,szsme002121
002122,天马股份,szsme002122
002123,梦网集团,szsme002123
002124,天邦股份,szsme002124
002125,湘潭电化,szsme002125
002126,银轮股份,szsme002126
002127,南极电商,szsme002127
002128,露天煤业,szsme002128
002129,中环股份,szsme002129
002130,沃尔核材,szsme002130
002131,利欧股份,szsme002131
002132,恒星科技,szsme002132
002133,广宇集团,szsme002133
002134,*ST普林,szsme002134
002135,东南网架,szsme002135
002136,安 纳 达,szsme002136
002137,麦达数字,szsme002137
002138,顺络电子,szsme002138
002139,拓邦股份,szsme002139
002140,东华科技,szsme002140
002141,贤丰控股,szsme002141
002142,宁波银行,szsme002142
002143,印纪传媒,szsme002143
002144,宏达高科,szsme002144
002145,中核钛白,szsme002145
002146,荣盛发展,szsme002146
002147,新光圆成,szsme002147
002148,北纬科技,szsme002148
002149,西部材料,szsme002149
002150,通润装备,szsme002150
002151,北斗星通,szsme002151
002152,广电运通,szsme002152
002153,石基信息,szsme002153
002154,报 喜 鸟,szsme002154
002155,湖南黄金,szsme002155
002156,通富微电,szsme002156
002157,正邦科技,szsme002157
002158,汉钟精机,szsme002158
002159,三特索道,szsme002159
002160,常铝股份,szsme002160
002161,远 望 谷,szsme002161
002162,悦心健康,szsme002162
002163,中航三鑫,szsme002163
002164,宁波东力,szsme002164
002165,红 宝 丽,szsme002165
002166,莱茵生物,szsme002166
002167,东方锆业,szsme002167
002168,深圳惠程,szsme002168
002169,智光电气,szsme002169
002170,芭田股份,szsme002170
002171,楚江新材,szsme002171
002172,澳洋科技,szsme002172
002173,创新医疗,szsme002173
002174,游族网络,szsme002174
002175,东方网络,szsme002175
002176,江特电机,szsme002176
002177,御银股份,szsme002177
002178,延华智能,szsme002178
002179,中航光电,szsme002179
002180,纳思达,szsme002180
002181,粤 传 媒,szsme002181
002182,云海金属,szsme002182
002183,怡 亚 通,szsme002183
002184,海得控制,szsme002184
002185,华天科技,szsme002185
002186,全 聚 德,szsme002186
002187,广百股份,szsme002187
002188,巴士在线,szsme002188
002189,利达光电,szsme002189
002190,成飞集成,szsme002190
002191,劲嘉股份,szsme002191
002192,融捷股份,szsme002192
002193,如意集团,szsme002193
002194,武汉凡谷,szsme002194
002195,二三四五,szsme002195
002196,方正电机,szsme002196
002197,证通电子,szsme002197
002198,嘉应制药,szsme002198
002199,东晶电子,szsme002199
002200,云投生态,szsme002200
002201,九鼎新材,szsme002201
002202,金风科技,szsme002202
002203,海亮股份,szsme002203
002204,大连重工,szsme002204
002205,国统股份,szsme002205
002206,海 利 得,szsme002206
002207,*ST准油,szsme002207
002208,合肥城建,szsme002208
002209,达 意 隆,szsme002209
002210,飞马国际,szsme002210
002211,宏达新材,szsme002211
002212,南洋股份,szsme002212
002213,特 尔 佳,szsme002213
002214,大立科技,szsme002214
002215,诺 普 信,szsme002215
002216,三全食品,szsme002216
002217,合力泰,szsme002217
002218,拓日新能,szsme002218
002219,恒康医疗,szsme002219
002220,天宝食品,szsme002220
002221,东华能源,szsme002221
002222,福晶科技,szsme002222
002223,鱼跃医疗,szsme002223
002224,三 力 士,szsme002224
002225,濮耐股份,szsme002225
002226,江南化工,szsme002226
002227,奥 特 迅,szsme002227
002228,合兴包装,szsme002228
002229,鸿博股份,szsme002229
002230,科大讯飞,szsme002230
002231,奥维通信,szsme002231
002232,启明信息,szsme002232
002233,塔牌集团,szsme002233
002234,民和股份,szsme002234
002235,安妮股份,szsme002235
002236,大华股份,szsme002236
002237,恒邦股份,szsme002237
002238,天威视讯,szsme002238
002239,奥特佳,szsme002239
002240,威华股份,szsme002240
002241,歌尔股份,szsme002241
002242,九阳股份,szsme002242
002243,通产丽星,szsme002243
002244,滨江集团,szsme002244
002245,澳洋顺昌,szsme002245
002246,北化股份,szsme002246
002247,帝龙文化,szsme002247
002248,*ST东数,szsme002248
002249,大洋电机,szsme002249
002250,联化科技,szsme002250
002251,步 步 高,szsme002251
002252,上海莱士,szsme002252
002253,川大智胜,szsme002253
002254,泰和新材,szsme002254
002255,海陆重工,szsme002255
002256,兆新股份,szsme002256
002257,立立电子,szsme002257
002258,利尔化学,szsme002258
002259,升达林业,szsme002259
002260,德奥通航,szsme002260
002261,拓维信息,szsme002261
002262,恩华药业,szsme002262
002263,大 东 南,szsme002263
002264,新 华 都,szsme002264
002265,西仪股份,szsme002265
002266,浙富控股,szsme002266
002267,陕天然气,szsme002267
002268,卫 士 通,szsme002268
002269,美邦服饰,szsme002269
002270,华明装备,szsme002270
002271,东方雨虹,szsme002271
002272,川润股份,szsme002272
002273,水晶光电,szsme002273
002274,华昌化工,szsme002274
002275,桂林三金,szsme002275
002276,万马股份,szsme002276
002277,友阿股份,szsme002277
002278,神开股份,szsme002278
002279,久其软件,szsme002279
002280,联络互动,szsme002280
002281,光迅科技,szsme002281
002282,博深工具,szsme002282
002283,天润曲轴,szsme002283
002284,亚太股份,szsme002284
002285,世联行,szsme002285
002286,保龄宝,szsme002286
002287,奇正藏药,szsme002287
002288,超华科技,szsme002288
002289,宇顺电子,szsme002289
002290,中科新材,szsme002290
002291,星期六,szsme002291
002292,奥飞娱乐,szsme002292
002293,罗莱生活,szsme002293
002294,信立泰,szsme002294
002295,精艺股份,szsme002295
002296,辉煌科技,szsme002296
002297,博云新材,szsme002297
002298,中电鑫龙,szsme002298
002299,圣农发展,szsme002299
002300,太阳电缆,szsme002300
002301,齐心集团,szsme002301
002302,西部建设,szsme002302
002303,美盈森,szsme002303
002304,洋河股份,szsme002304
002305,南国置业,szsme002305
002306,*ST云网,szsme002306
002307,北新路桥,szsme002307
002308,威创股份,szsme002308
002309,中利集团,szsme002309
002310,东方园林,szsme002310
002311,海大集团,szsme002311
002312,*ST三泰,szsme002312
002313,日海通讯,szsme002313
002314,南山控股,szsme002314
002315,焦点科技,szsme002315
002316,键桥通讯,szsme002316
002317,众生药业,szsme002317
002318,久立特材,szsme002318
002319,乐通股份,szsme002319
002320,海峡股份,szsme002320
002321,华英农业,szsme002321
002322,理工环科,szsme002322
002323,雅百特,szsme002323
002324,普利特,szsme002324
002325,洪涛股份,szsme002325
002326,永太科技,szsme002326
002327,富安娜,szsme002327
002328,新朋股份,szsme002328
002329,皇氏集团,szsme002329
002330,得利斯,szsme002330
002331,皖通科技,szsme002331
002332,仙琚制药,szsme002332
002333,罗普斯金,szsme002333
002334,英威腾,szsme002334
002335,科华恒盛,szsme002335
002336,人人乐,szsme002336
002337,赛象科技,szsme002337
002338,奥普光电,szsme002338
002339,积成电子,szsme002339
002340,格林美,szsme002340
002341,新纶科技,szsme002341
002342,巨力索具,szsme002342
002343,慈文传媒,szsme002343
002344,海宁皮城,szsme002344
002345,潮宏基,szsme002345
002346,柘中股份,szsme002346
002347,泰尔股份,szsme002347
002348,高乐股份,szsme002348
002349,精华制药,szsme002349
002350,北京科锐,szsme002350
002351,漫步者,szsme002351
002352,顺丰控股,szsme002352
002353,杰瑞股份,szsme002353
002354,天神娱乐,szsme002354
002355,兴民智通,szsme002355
002356,赫美集团,szsme002356
002357,富临运业,szsme002357
002358,森源电气,szsme002358
002359,北讯集团,szsme002359
002360,同德化工,szsme002360
002361,神剑股份,szsme002361
002362,汉王科技,szsme002362
002363,隆基机械,szsme002363
002364,中恒电气,szsme002364
002365,永安药业,szsme002365
002366,台海核电,szsme002366
002367,康力电梯,szsme002367
002368,太极股份,szsme002368
002369,卓翼科技,szsme002369
002370,亚太药业,szsme002370
002371,北方华创,szsme002371
002372,伟星新材,szsme002372
002373,千方科技,szsme002373
002374,丽鹏股份,szsme002374
002375,亚厦股份,szsme002375
002376,新北洋,szsme002376
002377,国创高新,szsme002377
002378,章源钨业,szsme002378
002379,宏创控股,szsme002379
002380,科远股份,szsme002380
002381,双箭股份,szsme002381
002382,蓝帆医疗,szsme002382
002383,合众思壮,szsme002383
002384,东山精密,szsme002384
002385,大北农,szsme002385
002386,天原集团,szsme002386
002387,黑牛食品,szsme002387
002388,新亚制程,szsme002388
002389,南洋科技,szsme002389
002390,信邦制药,szsme002390
002391,长青股份,szsme002391
002392,北京利尔,szsme002392
002393,力生制药,szsme002393
002394,联发股份,szsme002394
002395,双象股份,szsme002395
002396,星网锐捷,szsme002396
002397,梦洁股份,szsme002397
002398,建研集团,szsme002398
002399,海普瑞,szsme002399
002400,省广股份,szsme002400
002401,中远海科,szsme002401
002402,和而泰,szsme002402
002403,爱仕达,szsme002403
002404,嘉欣丝绸,szsme002404
002405,四维图新,szsme002405
002406,远东传动,szsme002406
002407,多氟多,szsme002407
002408,齐翔腾达,szsme002408
002409,雅克科技,szsme002409
002410,广联达,szsme002410
002411,必康股份,szsme002411
002412,汉森制药,szsme002412
002413,雷科防务,szsme002413
002414,高德红外,szsme002414
002415,海康威视,szsme002415
002416,爱施德,szsme002416
002417,三元达,szsme002417
002418,康盛股份,szsme002418
002419,天虹股份,szsme002419
002420,毅昌股份,szsme002420
002421,达实智能,szsme002421
002422,科伦药业,szsme002422
002423,中原特钢,szsme002423
002424,贵州百灵,szsme002424
002425,凯撒文化,szsme002425
002426,胜利精密,szsme002426
002427,尤夫股份,szsme002427
002428,云南锗业,szsme002428
002429,兆驰股份,szsme002429
002430,杭氧股份,szsme002430
002431,棕榈股份,szsme002431
002432,九安医疗,szsme002432
002433,太安堂,szsme002433
002434,万里扬,szsme002434
002435,长江润发,szsme002435
002436,兴森科技,szsme002436
002437,誉衡药业,szsme002437
002438,江苏神通,szsme002438
002439,启明星辰,szsme002439
002440,闰土股份,szsme002440
002441,众业达,szsme002441
002442,龙星化工,szsme002442
002443,金洲管道,szsme002443
002444,巨星科技,szsme002444
002445,中南文化,szsme002445
002446,盛路通信,szsme002446
002447,壹桥股份,szsme002447
002448,中原内配,szsme002448
002449,国星光电,szsme002449
002450,康得新,szsme002450
002451,摩恩电气,szsme002451
002452,长高集团,szsme002452
002453,天马精化,szsme002453
002454,松芝股份,szsme002454
002455,百川股份,szsme002455
002456,欧菲科技,szsme002456
002457,青龙管业,szsme002457
002458,益生股份,szsme002458
002459,天业通联,szsme002459
002460,赣锋锂业,szsme002460
002461,珠江啤酒,szsme002461
002462,嘉事堂,szsme002462
002463,沪电股份,szsme002463
002464,众应互联,szsme002464
002465,海格通信,szsme002465
002466,天齐锂业,szsme002466
002467,二六三,szsme002467
002468,申通快递,szsme002468
002469,三维工程,szsme002469
002470,金正大,szsme002470
002471,中超控股,szsme002471
002472,双环传动,szsme002472
002473,*ST圣莱,szsme002473
002474,榕基软件,szsme002474
002475,立讯精密,szsme002475
002476,宝莫股份,szsme002476
002477,雏鹰农牧,szsme002477
002478,常宝股份,szsme002478
002479,富春环保,szsme002479
002480,新筑股份,szsme002480
002481,双塔食品,szsme002481
002482,广田集团,szsme002482
002483,润邦股份,szsme002483
002484,江海股份,szsme002484
002485,希努尔,szsme002485
002486,嘉麟杰,szsme002486
002487,大金重工,szsme002487
002488,金固股份,szsme002488
002489,浙江永强,szsme002489
002490,*ST墨龙,szsme002490
002491,通鼎互联,szsme002491
002492,恒基达鑫,szsme002492
002493,荣盛石化,szsme002493
002494,华斯股份,szsme002494
002495,佳隆股份,szsme002495
002496,辉丰股份,szsme002496
002497,雅化集团,szsme002497
002498,汉缆股份,szsme002498
002499,科林环保,szsme002499
002500,山西证券,szsme002500
002501,利源精制,szsme002501
002502,骅威文化,szsme002502
002503,搜于特,szsme002503
002504,*ST弘高,szsme002504
002505,大康农业,szsme002505
002506,协鑫集成,szsme002506
002507,涪陵榨菜,szsme002507
002508,老板电器,szsme002508
002509,天广中茂,szsme002509
002510,天汽模,szsme002510
002511,中顺洁柔,szsme002511
002512,达华智能,szsme002512
002513,蓝丰生化,szsme002513
002514,宝馨科技,szsme002514
002515,金字火腿,szsme002515
002516,旷达科技,szsme002516
002517,恺英网络,szsme002517
002518,科士达,szsme002518
002519,银河电子,szsme002519
002520,日发精机,szsme002520
002521,齐峰新材,szsme002521
002522,浙江众成,szsme002522
002523,天桥起重,szsme002523
002524,光正集团,szsme002524
002525,胜景山河,szsme002525
002526,山东矿机,szsme002526
002527,新时达,szsme002527
002528,英飞拓,szsme002528
002529,海源机械,szsme002529
002530,金财互联,szsme002530
002531,天顺风能,szsme002531
002532,新界泵业,szsme002532
002533,金杯电工,szsme002533
002534,杭锅股份,szsme002534
002535,林州重机,szsme002535
002536,西泵股份,szsme002536
002537,海联金汇,szsme002537
002538,司尔特,szsme002538
002539,云图控股,szsme002539
002540,亚太科技,szsme002540
002541,鸿路钢构,szsme002541
002542,中化岩土,szsme002542
002543,万和电气,szsme002543
002544,杰赛科技,szsme002544
002545,东方铁塔,szsme002545
002546,新联电子,szsme002546
002547,春兴精工,szsme002547
002548,金新农,szsme002548
002549,凯美特气,szsme002549
002550,千红制药,szsme002550
002551,尚荣医疗,szsme002551
002552,宝鼎科技,szsme002552
002553,南方轴承,szsme002553
002554,惠博普,szsme002554
002555,三七互娱,szsme002555
002556,辉隆股份,szsme002556
002557,洽洽食品,szsme002557
002558,巨人网络,szsme002558
002559,亚威股份,szsme002559
002560,通达股份,szsme002560
002561,徐家汇,szsme002561
002562,兄弟科技,szsme002562
002563,森马服饰,szsme002563
002564,天沃科技,szsme002564
002565,顺灏股份,szsme002565
002566,益盛药业,szsme002566
002567,唐人神,szsme002567
002568,百润股份,szsme002568
002569,步森股份,szsme002569
002570,贝因美,szsme002570
002571,*ST德力,szsme002571
002572,索菲亚,szsme002572
002573,清新环境,szsme002573
002574,明牌珠宝,szsme002574
002575,群兴玩具,szsme002575
002576,通达动力,szsme002576
002577,雷柏科技,szsme002577
002578,闽发铝业,szsme002578
002579,中京电子,szsme002579
002580,圣阳股份,szsme002580
002581,未名医药,szsme002581
002582,好想你,szsme002582
002583,海能达,szsme002583
002584,西陇科学,szsme002584
002585,双星新材,szsme002585
002586,围海股份,szsme002586
002587,奥拓电子,szsme002587
002588,史丹利,szsme002588
002589,瑞康医药,szsme002589
002590,万安科技,szsme002590
002591,恒大高新,szsme002591
002592,八菱科技,szsme002592
002593,日上集团,szsme002593
002594,比亚迪,szsme002594
002595,豪迈科技,szsme002595
002596,海南瑞泽,szsme002596
002597,金禾实业,szsme002597
002598,山东章鼓,szsme002598
002599,盛通股份,szsme002599
002600,江粉磁材,szsme002600
002601,龙蟒佰利,szsme002601
002602,世纪华通,szsme002602
002603,以岭药业,szsme002603
002604,ST龙力,szsme002604
002605,姚记扑克,szsme002605
002606,大连电瓷,szsme002606
002607,亚夏汽车,szsme002607
002608,江苏国信,szsme002608
002609,捷顺科技,szsme002609
002610,爱康科技,szsme002610
002611,东方精工,szsme002611
002612,朗姿股份,szsme002612
002613,北玻股份,szsme002613
002614,奥佳华,szsme002614
002615,哈尔斯,szsme002615
002616,长青集团,szsme002616
002617,露笑科技,szsme002617
002618,丹邦科技,szsme002618
002619,艾格拉斯,szsme002619
002620,瑞和股份,szsme002620
002621,三垒股份,szsme002621
002622,融钰集团,szsme002622
002623,亚玛顿,szsme002623
002624,完美世界,szsme002624
002625,光启技术,szsme002625
002626,金达威,szsme002626
002627,宜昌交运,szsme002627
002628,成都路桥,szsme002628
002629,仁智股份,szsme002629
002630,华西能源,szsme002630
002631,德尔未来,szsme002631
002632,道明光学,szsme002632
002633,申科股份,szsme002633
002634,棒杰股份,szsme002634
002635,安洁科技,szsme002635
002636,金安国纪,szsme002636
002637,赞宇科技,szsme002637
002638,勤上股份,szsme002638
002639,雪人股份,szsme002639
002640,跨境通,szsme002640
002641,永高股份,szsme002641
002642,荣之联,szsme002642
002643,万润股份,szsme002643
002644,佛慈制药,szsme002644
002645,华宏科技,szsme002645
002646,青青稞酒,szsme002646
002647,民盛金科,szsme002647
002648,卫星石化,szsme002648
002649,博彦科技,szsme002649
002650,加加食品,szsme002650
002651,利君股份,szsme002651
002652,扬子新材,szsme002652
002653,海思科,szsme002653
002654,万润科技,szsme002654
002655,共达电声,szsme002655
002656,摩登大道,szsme002656
002657,中科金财,szsme002657
002658,雪迪龙,szsme002658
002659,凯文教育,szsme002659
002660,茂硕电源,szsme002660
002661,克明面业,szsme002661
002662,京威股份,szsme002662
002663,普邦股份,szsme002663
002664,长鹰信质,szsme002664
002665,首航节能,szsme002665
002666,德联集团,szsme002666
002667,鞍重股份,szsme002667
002668,奥马电器,szsme002668
002669,康达新材,szsme002669
002670,国盛金控,szsme002670
002671,龙泉股份,szsme002671
002672,东江环保,szsme002672
002673,西部证券,szsme002673
002674,兴业科技,szsme002674
002675,东诚药业,szsme002675
002676,顺威股份,szsme002676
002677,浙江美大,szsme002677
002678,珠江钢琴,szsme002678
002679,福建金森,szsme002679
002680,长生生物,szsme002680
002681,奋达科技,szsme002681
002682,龙洲股份,szsme002682
002683,宏大爆破,szsme002683
002684,猛狮科技,szsme002684
002685,华东重机,szsme002685
002686,亿利达,szsme002686
002687,乔治白,szsme002687
002688,金河生物,szsme002688
002689,远大智能,szsme002689
002690,美亚光电,szsme002690
002691,冀凯股份,szsme002691
002692,睿康股份,szsme002692
002693,双成药业,szsme002693
002694,顾地科技,szsme002694
002695,煌上煌,szsme002695
002696,百洋股份,szsme002696
002697,红旗连锁,szsme002697
002698,博实股份,szsme002698
002699,美盛文化,szsme002699
002700,新疆浩源,szsme002700
002701,奥瑞金,szsme002701
002702,海欣食品,szsme002702
002703,浙江世宝,szsme002703
002705,新宝股份,szsme002705
002706,良信电器,szsme002706
002707,众信旅游,szsme002707
002708,光洋股份,szsme002708
002709,天赐材料,szsme002709
002710,慈铭体检,szsme002710
002711,欧浦智网,szsme002711
002712,思美传媒,szsme002712
002713,东易日盛,szsme002713
002714,牧原股份,szsme002714
002715,登云股份,szsme002715
002716,金贵银业,szsme002716
002717,岭南园林,szsme002717
002718,友邦吊顶,szsme002718
002719,麦趣尔,szsme002719
002720,宏良股份,szsme002720
002721,金一文化,szsme002721
002722,金轮股份,szsme002722
002723,金莱特,szsme002723
002724,海洋王,szsme002724
002725,跃岭股份,szsme002725
002726,龙大肉食,szsme002726
002727,一心堂,szsme002727
002728,特一药业,szsme002728
002729,好利来,szsme002729
002730,电光科技,szsme002730
002731,萃华珠宝,szsme002731
002732,燕塘乳业,szsme002732
002733,雄韬股份,szsme002733
002734,利民股份,szsme002734
002735,王子新材,szsme002735
002736,国信证券,szsme002736
002737,葵花药业,szsme002737
002738,中矿资源,szsme002738
002739,万达电影,szsme002739
002740,爱迪尔,szsme002740
002741,光华科技,szsme002741
002742,三圣股份,szsme002742
002743,富煌钢构,szsme002743
002745,木林森,szsme002745
002746,仙坛股份,szsme002746
002747,埃斯顿,szsme002747
002748,世龙实业,szsme002748
002749,国光股份,szsme002749
002750,龙津药业,szsme002750
002751,易尚展示,szsme002751
002752,昇兴股份,szsme002752
002753,永东股份,szsme002753
002755,东方新星,szsme002755
002756,永兴特钢,szsme002756
002757,南兴装备,szsme002757
002758,华通医药,szsme002758
002759,天际股份,szsme002759
002760,凤形股份,szsme002760
002761,多喜爱,szsme002761
002762,金发拉比,szsme002762
002763,汇洁股份,szsme002763
002765,蓝黛传动,szsme002765
002766,索菱股份,szsme002766
002767,先锋电子,szsme002767
002768,国恩股份,szsme002768
002769,普路通,szsme002769
002770,科迪乳业,szsme002770
002771,真视通,szsme002771
002772,众兴菌业,szsme002772
002773,康弘药业,szsme002773
002774,快意电梯,szsme002774
002775,文科园林,szsme002775
002776,柏堡龙,szsme002776
002777,久远银海,szsme002777
002778,高科石化,szsme002778
002779,中坚科技,szsme002779
002780,三夫户外,szsme002780
002781,奇信股份,szsme002781
002782,可立克,szsme002782
002783,凯龙股份,szsme002783
002785,万里石,szsme002785
002786,银宝山新,szsme002786
002787,华源控股,szsme002787
002788,鹭燕医药,szsme002788
002789,建艺集团,szsme002789
002790,瑞尔特,szsme002790
002791,坚朗五金,szsme002791
002792,通宇通讯,szsme002792
002793,东音股份,szsme002793
002795,永和智控,szsme002795
002796,世嘉科技,szsme002796
002797,第一创业,szsme002797
002798,帝王洁具,szsme002798
002799,环球印务,szsme002799
002800,天顺股份,szsme002800
002801,微光股份,szsme002801
002802,洪汇新材,szsme002802
002803,吉宏股份,szsme002803
002805,丰元股份,szsme002805
002806,华锋股份,szsme002806
002807,江阴银行,szsme002807
002808,苏州恒久,szsme002808
002809,红墙股份,szsme002809
002810,山东赫达,szsme002810
002811,亚泰国际,szsme002811
002812,创新股份,szsme002812
002813,路畅科技,szsme002813
002815,崇达技术,szsme002815
002816,和科达,szsme002816
002817,黄山胶囊,szsme002817
002818,富森美,szsme002818
002819,东方中科,szsme002819
002820,桂发祥,szsme002820
002821,凯莱英,szsme002821
002822,中装建设,szsme002822
002823,凯中精密,szsme002823
002824,和胜股份,szsme002824
002825,纳尔股份,szsme002825
002826,易明医药,szsme002826
002827,高争民爆,szsme002827
002828,贝肯能源,szsme002828
002829,星网宇达,szsme002829
002830,名雕股份,szsme002830
002831,裕同科技,szsme002831
002832,比音勒芬,szsme002832
002833,弘亚数控,szsme002833
002835,同为股份,szsme002835
002836,新宏泽,szsme002836
002837,英维克,szsme002837
002838,道恩股份,szsme002838
002839,张家港行,szsme002839
002840,华统股份,szsme002840
002841,视源股份,szsme002841
002842,翔鹭钨业,szsme002842
002843,泰嘉股份,szsme002843
002845,同兴达,szsme002845
002846,英联股份,szsme002846
002847,盐津铺子,szsme002847
002848,高斯贝尔,szsme002848
002849,威星智能,szsme002849
002850,科达利,szsme002850
002851,麦格米特,szsme002851
002852,道道全,szsme002852
002853,皮阿诺,szsme002853
002855,捷荣技术,szsme002855
002856,美芝股份,szsme002856
002857,三晖电气,szsme002857
002858,力盛赛车,szsme002858
002859,洁美科技,szsme002859
002860,星帅尔,szsme002860
002861,瀛通通讯,szsme002861
002862,实丰文化,szsme002862
002863,今飞凯达,szsme002863
002864,盘龙药业,szsme002864
002865,钧达股份,szsme002865
002866,传艺科技,szsme002866
002867,周大生,szsme002867
002868,绿康生化,szsme002868
002869,金溢科技,szsme002869
002870,香山股份,szsme002870
002871,伟隆股份,szsme002871
002872,天圣制药,szsme002872
002873,新天药业,szsme002873
002875,安奈儿,szsme002875
002876,三利谱,szsme002876
002877,智能自控,szsme002877
002878,元隆雅图,szsme002878
002879,长缆科技,szsme002879
002880,卫光生物,szsme002880
002881,美格智能,szsme002881
002882,金龙羽,szsme002882
002883,中设股份,szsme002883
002884,凌霄泵业,szsme002884
002885,京泉华,szsme002885
002886,沃特股份,szsme002886
002887,绿茵生态,szsme002887
002888,惠威科技,szsme002888
002889,东方嘉盛,szsme002889
002890,弘宇股份,szsme002890
002891,中宠股份,szsme002891
002892,科力尔,szsme002892
002893,华通热力,szsme002893
002895,川恒股份,szsme002895
002896,中大力德,szsme002896
002897,意华股份,szsme002897
002898,赛隆药业,szsme002898
002899,英派斯,szsme002899
002900,哈三联,szsme002900
002901,大博医疗,szsme002901
002902,铭普光磁,szsme002902
002903,宇环数控,szsme002903
002905,金逸影视,szsme002905
002906,华阳集团,szsme002906
002907,华森制药,szsme002907
002908,德生科技,szsme002908
002909,集泰股份,szsme002909
002910,庄园牧场,szsme002910
002911,佛燃股份,szsme002911
002912,中新赛克,szsme002912
002913,奥士康,szsme002913
002915,中欣氟材,szsme002915
002916,深南电路,szsme002916
002917,金奥博,szsme002917
002918,蒙娜丽莎,szsme002918
002919,名臣健康,szsme002919
002920,德赛西威,szsme002920
002921,联诚精密,szsme002921
002922,伊戈尔,szsme002922
002923,润都股份,szsme002923
002925,盈趣科技,szsme002925
002926,华西证券,szsme002926
300001,特锐德,szcn300001
300002,神州泰岳,szcn300002
300003,乐普医疗,szcn300003
300004,南风股份,szcn300004
300005,探路者,szcn300005
300006,莱美药业,szcn300006
300007,汉威科技,szcn300007
300008,天海防务,szcn300008
300009,安科生物,szcn300009
300010,立思辰,szcn300010
300011,鼎汉技术,szcn300011
300012,华测检测,szcn300012
300013,新宁物流,szcn300013
300014,亿纬锂能,szcn300014
300015,爱尔眼科,szcn300015
300016,北陆药业,szcn300016
300017,网宿科技,szcn300017
300018,中元股份,szcn300018
300019,硅宝科技,szcn300019
300020,银江股份,szcn300020
300021,大禹节水,szcn300021
300022,吉峰农机,szcn300022
300023,宝德股份,szcn300023
300024,机器人,szcn300024
300025,华星创业,szcn300025
300026,红日药业,szcn300026
300027,华谊兄弟,szcn300027
300028,金亚科技,szcn300028
300029,天龙光电,szcn300029
300030,阳普医疗,szcn300030
300031,宝通科技,szcn300031
300032,金龙机电,szcn300032
300033,同花顺,szcn300033
300034,钢研高纳,szcn300034
300035,中科电气,szcn300035
300036,超图软件,szcn300036
300037,新宙邦,szcn300037
300038,梅泰诺,szcn300038
300039,上海凯宝,szcn300039
300040,九洲电气,szcn300040
300041,回天新材,szcn300041
300042,朗科科技,szcn300042
300043,星辉娱乐,szcn300043
300044,赛为智能,szcn300044
300045,华力创通,szcn300045
300046,台基股份,szcn300046
300047,天源迪科,szcn300047
300048,合康新能,szcn300048
300049,福瑞股份,szcn300049
300050,世纪鼎利,szcn300050
300051,三五互联,szcn300051
300052,中青宝,szcn300052
300053,欧比特,szcn300053
300054,鼎龙股份,szcn300054
300055,万邦达,szcn300055
300056,三维丝,szcn300056
300057,万顺股份,szcn300057
300058,蓝色光标,szcn300058
300059,东方财富,szcn300059
300061,康旗股份,szcn300061
300062,中能电气,szcn300062
300063,天龙集团,szcn300063
300064,豫金刚石,szcn300064
300065,海兰信,szcn300065
300066,三川智慧,szcn300066
300067,安诺其,szcn300067
300068,南都电源,szcn300068
300069,金利华电,szcn300069
300070,碧水源,szcn300070
300071,华谊嘉信,szcn300071
300072,三聚环保,szcn300072
300073,当升科技,szcn300073
300074,华平股份,szcn300074
300075,数字政通,szcn300075
300076,GQY视讯,szcn300076
300077,国民技术,szcn300077
300078,思创医惠,szcn300078
300079,数码科技,szcn300079
300080,易成新能,szcn300080
300081,恒信东方,szcn300081
300082,奥克股份,szcn300082
300083,劲胜智能,szcn300083
300084,海默科技,szcn300084
300085,银之杰,szcn300085
300086,康芝药业,szcn300086
300087,荃银高科,szcn300087
300088,长信科技,szcn300088
300089,文化长城,szcn300089
300090,盛运环保,szcn300090
300091,金通灵,szcn300091
300092,科新机电,szcn300092
300093,金刚玻璃,szcn300093
300094,国联水产,szcn300094
300095,华伍股份,szcn300095
300096,易联众,szcn300096
300097,智云股份,szcn300097
300098,高新兴,szcn300098
300099,精准信息,szcn300099
300100,双林股份,szcn300100
300101,振芯科技,szcn300101
300102,乾照光电,szcn300102
300103,达刚路机,szcn300103
300104,乐视网,szcn300104
300105,龙源技术,szcn300105
300106,西部牧业,szcn300106
300107,建新股份,szcn300107
300108,吉药控股,szcn300108
300109,新开源,szcn300109
300110,华仁药业,szcn300110
300111,向日葵,szcn300111
300112,万讯自控,szcn300112
300113,顺网科技,szcn300113
300114,中航电测,szcn300114
300115,长盈精密,szcn300115
300116,坚瑞沃能,szcn300116
300117,嘉寓股份,szcn300117
300118,东方日升,szcn300118
300119,瑞普生物,szcn300119
300120,经纬电材,szcn300120
300121,阳谷华泰,szcn300121
300122,智飞生物,szcn300122
300123,亚光科技,szcn300123
300124,汇川技术,szcn300124
300125,易世达,szcn300125
300126,锐奇股份,szcn300126
300127,银河磁体,szcn300127
300128,锦富技术,szcn300128
300129,泰胜风能,szcn300129
300130,新国都,szcn300130
300131,英唐智控,szcn300131
300132,青松股份,szcn300132
300133,华策影视,szcn300133
300134,大富科技,szcn300134
300135,宝利国际,szcn300135
300136,信维通信,szcn300136
300137,先河环保,szcn300137
300138,晨光生物,szcn300138
300139,晓程科技,szcn300139
300140,中环装备,szcn300140
300141,和顺电气,szcn300141
300142,沃森生物,szcn300142
300143,星普医科,szcn300143
300144,宋城演艺,szcn300144
300145,中金环境,szcn300145
300146,汤臣倍健,szcn300146
300147,香雪制药,szcn300147
300148,天舟文化,szcn300148
300149,量子高科,szcn300149
300150,世纪瑞尔,szcn300150
300151,昌红科技,szcn300151
300152,科融环境,szcn300152
300153,科泰电源,szcn300153
300154,瑞凌股份,szcn300154
300155,安居宝,szcn300155
300156,神雾环保,szcn300156
300157,恒泰艾普,szcn300157
300158,振东制药,szcn300158
300159,新研股份,szcn300159
300160,秀强股份,szcn300160
300161,华中数控,szcn300161
300162,雷曼股份,szcn300162
300163,先锋新材,szcn300163
300164,通源石油,szcn300164
300165,天瑞仪器,szcn300165
300166,东方国信,szcn300166
300167,迪威迅,szcn300167
300168,万达信息,szcn300168
300169,天晟新材,szcn300169
300170,汉得信息,szcn300170
300171,东富龙,szcn300171
300172,中电环保,szcn300172
300173,智慧松德,szcn300173
300174,元力股份,szcn300174
300175,朗源股份,szcn300175
300176,鸿特精密,szcn300176
300177,中海达,szcn300177
300178,腾邦国际,szcn300178
300179,四方达,szcn300179
300180,华峰超纤,szcn300180
300181,佐力药业,szcn300181
300182,捷成股份,szcn300182
300183,东软载波,szcn300183
300184,力源信息,szcn300184
300185,通裕重工,szcn300185
300187,永清环保,szcn300187
300188,美亚柏科,szcn300188
300189,神农基因,szcn300189
300190,维尔利,szcn300190
300191,潜能恒信,szcn300191
300192,科斯伍德,szcn300192
300193,佳士科技,szcn300193
300194,福安药业,szcn300194
300195,长荣股份,szcn300195
300196,长海股份,szcn300196
300197,铁汉生态,szcn300197
300198,纳川股份,szcn300198
300199,翰宇药业,szcn300199
300200,高盟新材,szcn300200
300201,海伦哲,szcn300201
300202,聚龙股份,szcn300202
300203,聚光科技,szcn300203
300204,舒泰神,szcn300204
300205,天喻信息,szcn300205
300206,理邦仪器,szcn300206
300207,欣旺达,szcn300207
300208,恒顺众昇,szcn300208
300209,天泽信息,szcn300209
300210,森远股份,szcn300210
300211,亿通科技,szcn300211
300212,易华录,szcn300212
300213,佳讯飞鸿,szcn300213
300214,日科化学,szcn300214
300215,电科院,szcn300215
300216,千山药机,szcn300216
300217,东方电热,szcn300217
300218,安利股份,szcn300218
300219,鸿利智汇,szcn300219
300220,金运激光,szcn300220
300221,银禧科技,szcn300221
300222,科大智能,szcn300222
300223,北京君正,szcn300223
300224,正海磁材,szcn300224
300225,金力泰,szcn300225
300226,上海钢联,szcn300226
300227,光韵达,szcn300227
300228,富瑞特装,szcn300228
300229,拓尔思,szcn300229
300230,永利股份,szcn300230
300231,银信科技,szcn300231
300232,洲明科技,szcn300232
300233,金城医药,szcn300233
300234,开尔新材,szcn300234
300235,方直科技,szcn300235
300236,上海新阳,szcn300236
300237,美晨生态,szcn300237
300238,冠昊生物,szcn300238
300239,东宝生物,szcn300239
300240,飞力达,szcn300240
300241,瑞丰光电,szcn300241
300242,明家联合,szcn300242
300243,瑞丰高材,szcn300243
300244,迪安诊断,szcn300244
300245,天玑科技,szcn300245
300246,宝莱特,szcn300246
300247,乐金健康,szcn300247
300248,新开普,szcn300248
300249,依米康,szcn300249
300250,初灵信息,szcn300250
300251,光线传媒,szcn300251
300252,金信诺,szcn300252
300253,卫宁健康,szcn300253
300254,仟源医药,szcn300254
300255,常山药业,szcn300255
300256,星星科技,szcn300256
300257,开山股份,szcn300257
300258,精锻科技,szcn300258
300259,新天科技,szcn300259
300260,新莱应材,szcn300260
300261,雅本化学,szcn300261
300262,巴安水务,szcn300262
300263,隆华节能,szcn300263
300264,佳创视讯,szcn300264
300265,通光线缆,szcn300265
300266,兴源环境,szcn300266
300267,尔康制药,szcn300267
300268,佳沃股份,szcn300268
300269,联建光电,szcn300269
300270,中威电子,szcn300270
300271,华宇软件,szcn300271
300272,开能环保,szcn300272
300273,和佳股份,szcn300273
300274,阳光电源,szcn300274
300275,梅安森,szcn300275
300276,三丰智能,szcn300276
300277,海联讯,szcn300277
300278,华昌达,szcn300278
300279,和晶科技,szcn300279
300280,南通锻压,szcn300280
300281,金明精机,szcn300281
300282,汇冠股份,szcn300282
300283,温州宏丰,szcn300283
300284,苏交科,szcn300284
300285,国瓷材料,szcn300285
300286,安科瑞,szcn300286
300287,飞利信,szcn300287
300288,朗玛信息,szcn300288
300289,利德曼,szcn300289
300290,荣科科技,szcn300290
300291,华录百纳,szcn300291
300292,吴通控股,szcn300292
300293,蓝英装备,szcn300293
300294,博雅生物,szcn300294
300295,三六五网,szcn300295
300296,利亚德,szcn300296
300297,蓝盾股份,szcn300297
300298,三诺生物,szcn300298
300299,富春股份,szcn300299
300300,汉鼎宇佑,szcn300300
300301,长方集团,szcn300301
300302,同有科技,szcn300302
300303,聚飞光电,szcn300303
300304,云意电气,szcn300304
300305,裕兴股份,szcn300305
300306,远方信息,szcn300306
300307,慈星股份,szcn300307
300308,中际旭创,szcn300308
300309,吉艾科技,szcn300309
300310,宜通世纪,szcn300310
300311,任子行,szcn300311
300312,邦讯技术,szcn300312
300313,天山生物,szcn300313
300314,戴维医疗,szcn300314
300315,掌趣科技,szcn300315
300316,晶盛机电,szcn300316
300317,珈伟股份,szcn300317
300318,博晖创新,szcn300318
300319,麦捷科技,szcn300319
300320,海达股份,szcn300320
300321,同大股份,szcn300321
300322,硕贝德,szcn300322
300323,华灿光电,szcn300323
300324,旋极信息,szcn300324
300325,德威新材,szcn300325
300326,凯利泰,szcn300326
300327,中颖电子,szcn300327
300328,宜安科技,szcn300328
300329,海伦钢琴,szcn300329
300330,华虹计通,szcn300330
300331,苏大维格,szcn300331
300332,天壕环境,szcn300332
300333,兆日科技,szcn300333
300334,津膜科技,szcn300334
300335,迪森股份,szcn300335
300336,新文化,szcn300336
300337,银邦股份,szcn300337
300338,开元股份,szcn300338
300339,润和软件,szcn300339
300340,科恒股份,szcn300340
300341,麦迪电气,szcn300341
300342,天银机电,szcn300342
300343,联创互联,szcn300343
300344,太空板业,szcn300344
300345,红宇新材,szcn300345
300346,南大光电,szcn300346
300347,泰格医药,szcn300347
300348,长亮科技,szcn300348
300349,金卡智能,szcn300349
300350,华鹏飞,szcn300350
300351,永贵电器,szcn300351
300352,北信源,szcn300352
300353,东土科技,szcn300353
300354,东华测试,szcn300354
300355,蒙草生态,szcn300355
300356,光一科技,szcn300356
300357,我武生物,szcn300357
300358,楚天科技,szcn300358
300359,全通教育,szcn300359
300360,炬华科技,szcn300360
300361,奥赛康,szcn300361
300362,天翔环境,szcn300362
300363,博腾股份,szcn300363
300364,中文在线,szcn300364
300365,恒华科技,szcn300365
300366,创意信息,szcn300366
300367,东方网力,szcn300367
300368,汇金股份,szcn300368
300369,绿盟科技,szcn300369
300370,安控科技,szcn300370
300371,汇中股份,szcn300371
300373,扬杰科技,szcn300373
300374,恒通科技,szcn300374
300375,鹏翎股份,szcn300375
300376,易事特,szcn300376
300377,赢时胜,szcn300377
300378,鼎捷软件,szcn300378
300379,东方通,szcn300379
300380,安硕信息,szcn300380
300381,溢多利,szcn300381
300382,斯莱克,szcn300382
300383,光环新网,szcn300383
300384,三联虹普,szcn300384
300385,雪浪环境,szcn300385
300386,飞天诚信,szcn300386
300387,富邦股份,szcn300387
300388,国祯环保,szcn300388
300389,艾比森,szcn300389
300390,天华超净,szcn300390
300391,康跃科技,szcn300391
300392,腾信股份,szcn300392
300393,中来股份,szcn300393
300394,天孚通信,szcn300394
300395,菲利华,szcn300395
300396,迪瑞医疗,szcn300396
300397,天和防务,szcn300397
300398,飞凯材料,szcn300398
300399,京天利,szcn300399
300400,劲拓股份,szcn300400
300401,花园生物,szcn300401
300402,宝色股份,szcn300402
300403,地尔汉宇,szcn300403
300404,博济医药,szcn300404
300405,科隆股份,szcn300405
300406,九强生物,szcn300406
300407,凯发电气,szcn300407
300408,三环集团,szcn300408
300409,道氏技术,szcn300409
300410,正业科技,szcn300410
300411,金盾股份,szcn300411
300412,迦南科技,szcn300412
300413,快乐购,szcn300413
300414,中光防雷,szcn300414
300415,伊之密,szcn300415
300416,苏试试验,szcn300416
300417,南华仪器,szcn300417
300418,昆仑万维,szcn300418
300419,浩丰科技,szcn300419
300420,五洋科技,szcn300420
300421,力星股份,szcn300421
300422,博世科,szcn300422
300423,鲁亿通,szcn300423
300424,航新科技,szcn300424
300425,环能科技,szcn300425
300426,唐德影视,szcn300426
300427,红相电力,szcn300427
300428,四通新材,szcn300428
300429,强力新材,szcn300429
300430,诚益通,szcn300430
300431,暴风集团,szcn300431
300432,富临精工,szcn300432
300433,蓝思科技,szcn300433
300434,金石东方,szcn300434
300435,中泰股份,szcn300435
300436,广生堂,szcn300436
300437,清水源,szcn300437
300438,鹏辉能源,szcn300438
300439,美康生物,szcn300439
300440,运达科技,szcn300440
300441,鲍斯股份,szcn300441
300442,普丽盛,szcn300442
300443,金雷风电,szcn300443
300444,双杰电气,szcn300444
300445,康斯特,szcn300445
300446,乐凯新材,szcn300446
300447,全信股份,szcn300447
300448,浩云科技,szcn300448
300449,汉邦高科,szcn300449
300450,先导智能,szcn300450
300451,创业软件,szcn300451
300452,山河药辅,szcn300452
300453,三鑫医疗,szcn300453
300455,康拓红外,szcn300455
300456,耐威科技,szcn300456
300457,赢合科技,szcn300457
300458,全志科技,szcn300458
300459,金科文化,szcn300459
300460,惠伦晶体,szcn300460
300461,田中精机,szcn300461
300462,华铭智能,szcn300462
300463,迈克生物,szcn300463
300464,星徽精密,szcn300464
300465,高伟达,szcn300465
300466,赛摩电气,szcn300466
300467,迅游科技,szcn300467
300468,四方精创,szcn300468
300469,信息发展,szcn300469
300470,日机密封,szcn300470
300471,厚普股份,szcn300471
300472,新元科技,szcn300472
300473,德尔股份,szcn300473
300474,景嘉微,szcn300474
300475,聚隆科技,szcn300475
300476,胜宏科技,szcn300476
300477,合纵科技,szcn300477
300478,杭州高新,szcn300478
300479,神思电子,szcn300479
300480,光力科技,szcn300480
300481,濮阳惠成,szcn300481
300482,万孚生物,szcn300482
300483,沃施股份,szcn300483
300484,蓝海华腾,szcn300484
300485,赛升药业,szcn300485
300486,东杰智能,szcn300486
300487,蓝晓科技,szcn300487
300488,恒锋工具,szcn300488
300489,中飞股份,szcn300489
300490,华自科技,szcn300490
300491,通合科技,szcn300491
300492,山鼎设计,szcn300492
300493,润欣科技,szcn300493
300494,盛天网络,szcn300494
300495,美尚生态,szcn300495
300496,中科创达,szcn300496
300497,富祥股份,szcn300497
300498,温氏股份,szcn300498
300499,高澜股份,szcn300499
300500,启迪设计,szcn300500
300501,海顺新材,szcn300501
300502,新易盛,szcn300502
300503,昊志机电,szcn300503
300505,川金诺,szcn300505
300506,名家汇,szcn300506
300507,苏奥传感,szcn300507
300508,维宏股份,szcn300508
300509,新美星,szcn300509
300510,金冠电气,szcn300510
300511,雪榕生物,szcn300511
300512,中亚股份,szcn300512
300513,恒泰实达,szcn300513
300514,友讯达,szcn300514
300515,三德科技,szcn300515
300516,久之洋,szcn300516
300517,海波重科,szcn300517
300518,盛讯达,szcn300518
300519,新光药业,szcn300519
300520,科大国创,szcn300520
300521,爱司凯,szcn300521
300522,世名科技,szcn300522
300523,辰安科技,szcn300523
300525,博思软件,szcn300525
300526,中潜股份,szcn300526
300527,华舟应急,szcn300527
300528,幸福蓝海,szcn300528
300529,健帆生物,szcn300529
300530,达志科技,szcn300530
300531,优博讯,szcn300531
300532,今天国际,szcn300532
300533,冰川网络,szcn300533
300534,陇神戎发,szcn300534
300535,达威股份,szcn300535
300536,农尚环境,szcn300536
300537,广信材料,szcn300537
300538,同益股份,szcn300538
300539,横河模具,szcn300539
300540,深冷股份,szcn300540
300541,先进数通,szcn300541
300542,新晨科技,szcn300542
300543,朗科智能,szcn300543
300545,联得装备,szcn300545
300546,雄帝科技,szcn300546
300547,川环科技,szcn300547
300548,博创科技,szcn300548
300549,优德精密,szcn300549
300550,和仁科技,szcn300550
300551,古鳌科技,szcn300551
300552,万集科技,szcn300552
300553,集智股份,szcn300553
300554,三超新材,szcn300554
300555,路通视信,szcn300555
300556,丝路视觉,szcn300556
300557,理工光科,szcn300557
300558,贝达药业,szcn300558
300559,佳发安泰,szcn300559
300560,中富通,szcn300560
300561,汇金科技,szcn300561
300562,乐心医疗,szcn300562
300563,神宇股份,szcn300563
300565,科信技术,szcn300565
300566,激智科技,szcn300566
300567,精测电子,szcn300567
300568,星源材质,szcn300568
300569,天能重工,szcn300569
300570,太辰光,szcn300570
300571,平治信息,szcn300571
300572,安车检测,szcn300572
300573,兴齐眼药,szcn300573
300575,中旗股份,szcn300575
300576,容大感光,szcn300576
300577,开润股份,szcn300577
300578,会畅通讯,szcn300578
300579,数字认证,szcn300579
300580,贝斯特,szcn300580
300581,晨曦航空,szcn300581
300582,英飞特,szcn300582
300583,赛托生物,szcn300583
300584,海辰药业,szcn300584
300585,奥联电子,szcn300585
300586,美联新材,szcn300586
300587,天铁股份,szcn300587
300588,熙菱信息,szcn300588
300589,江龙船艇,szcn300589
300590,移为通信,szcn300590
300591,万里马,szcn300591
300592,华凯创意,szcn300592
300593,新雷能,szcn300593
300595,欧普康视,szcn300595
300596,利安隆,szcn300596
300597,吉大通信,szcn300597
300598,诚迈科技,szcn300598
300599,雄塑科技,szcn300599
300600,瑞特股份,szcn300600
300601,康泰生物,szcn300601
300602,飞荣达,szcn300602
300603,立昂技术,szcn300603
300604,长川科技,szcn300604
300605,恒锋信息,szcn300605
300606,金太阳,szcn300606
300607,拓斯达,szcn300607
300608,思特奇,szcn300608
300609,汇纳科技,szcn300609
300610,晨化股份,szcn300610
300611,美力科技,szcn300611
300612,宣亚国际,szcn300612
300613,富瀚微,szcn300613
300615,欣天科技,szcn300615
300616,尚品宅配,szcn300616
300617,安靠智电,szcn300617
300618,寒锐钴业,szcn300618
300619,金银河,szcn300619
300620,光库科技,szcn300620
300621,维业股份,szcn300621
300622,博士眼镜,szcn300622
300623,捷捷微电,szcn300623
300624,万兴科技,szcn300624
300625,三雄极光,szcn300625
300626,华瑞股份,szcn300626
300627,华测导航,szcn300627
300628,亿联网络,szcn300628
300629,新劲刚,szcn300629
300630,普利制药,szcn300630
300631,久吾高科,szcn300631
300632,光莆股份,szcn300632
300633,开立医疗,szcn300633
300635,达安股份,szcn300635
300636,同和药业,szcn300636
300637,扬帆新材,szcn300637
300638,广和通,szcn300638
300639,凯普生物,szcn300639
300640,德艺文创,szcn300640
300641,正丹股份,szcn300641
300642,透景生命,szcn300642
300643,万通智控,szcn300643
300644,南京聚隆,szcn300644
300645,正元智慧,szcn300645
300646,侨源气体,szcn300646
300647,超频三,szcn300647
300648,星云股份,szcn300648
300649,杭州园林,szcn300649
300650,太龙照明,szcn300650
300651,金陵体育,szcn300651
300652,雷迪克,szcn300652
300653,正海生物,szcn300653
300654,世纪天鸿,szcn300654
300655,晶瑞股份,szcn300655
300656,民德电子,szcn300656
300657,弘信电子,szcn300657
300658,延江股份,szcn300658
300659,中孚信息,szcn300659
300660,江苏雷利,szcn300660
300661,圣邦股份,szcn300661
300662,科锐国际,szcn300662
300663,科蓝软件,szcn300663
300664,鹏鹞环保,szcn300664
300665,飞鹿股份,szcn300665
300666,江丰电子,szcn300666
300667,必创科技,szcn300667
300668,杰恩设计,szcn300668
300669,沪宁股份,szcn300669
300670,大烨智能,szcn300670
300671,富满电子,szcn300671
300672,国科微,szcn300672
300673,佩蒂股份,szcn300673
300675,建科院,szcn300675
300676,华大基因,szcn300676
300677,英科医疗,szcn300677
300678,中科信息,szcn300678
300679,电连技术,szcn300679
300680,隆盛科技,szcn300680
300681,英搏尔,szcn300681
300682,朗新科技,szcn300682
300683,海特生物,szcn300683
300684,中石科技,szcn300684
300685,艾德生物,szcn300685
300686,智动力,szcn300686
300687,赛意信息,szcn300687
300688,创业黑马,szcn300688
300689,澄天伟业,szcn300689
300690,双一科技,szcn300690
300691,联合光电,szcn300691
300692,中环环保,szcn300692
300693,盛弘股份,szcn300693
300695,兆丰股份,szcn300695
300696,爱乐达,szcn300696
300697,电工合金,szcn300697
300698,万马科技,szcn300698
300699,光威复材,szcn300699
300700,岱勒新材,szcn300700
300701,森霸股份,szcn300701
300702,天宇股份,szcn300702
300703,创源文化,szcn300703
300705,九典制药,szcn300705
300706,阿石创,szcn300706
300707,威唐工业,szcn300707
300708,聚灿光电,szcn300708
300709,精研科技,szcn300709
300710,万隆光电,szcn300710
300711,广哈通信,szcn300711
300712,永福股份,szcn300712
300713,英可瑞,szcn300713
300715,凯伦股份,szcn300715
300716,国立科技,szcn300716
300717,华信新材,szcn300717
300718,长盛轴承,szcn300718
300719,安达维尔,szcn300719
300720,海川智能,szcn300720
300721,怡达股份,szcn300721
300722,新余国科,szcn300722
300723,一品红,szcn300723
300725,药石科技,szcn300725
300726,宏达电子,szcn300726
300727,润禾材料,szcn300727
300728,天常股份,szcn300728
300729,乐歌股份,szcn300729
300730,科创信息,szcn300730
300731,科创新源,szcn300731
300732,设研院,szcn300732
300733,西菱动力,szcn300733
300735,光弘科技,szcn300735
300736,百华悦邦,szcn300736
300737,科顺股份,szcn300737
300738,奥飞数据,szcn300738
300739,明阳电路,szcn300739
300740,御家汇,szcn300740
600000,浦发银行,shmb600000
600004,白云机场,shmb600004
600006,东风汽车,shmb600006
600007,中国国贸,shmb600007
600008,首创股份,shmb600008
600009,上海机场,shmb600009
600010,包钢股份,shmb600010
600011,华能国际,shmb600011
600012,皖通高速,shmb600012
600015,华夏银行,shmb600015
600016,民生银行,shmb600016
600017,日照港,shmb600017
600018,上港集团,shmb600018
600019,宝钢股份,shmb600019
600020,中原高速,shmb600020
600021,上海电力,shmb600021
600022,山东钢铁,shmb600022
600023,浙能电力,shmb600023
600025,华能水电,shmb600025
600026,中远海能,shmb600026
600027,华电国际,shmb600027
600028,中国石化,shmb600028
600029,南方航空,shmb600029
600030,中信证券,shmb600030
600031,三一重工,shmb600031
600033,福建高速,shmb600033
600035,楚天高速,shmb600035
600036,招商银行,shmb600036
600037,歌华有线,shmb600037
600038,中直股份,shmb600038
600039,四川路桥,shmb600039
600048,保利地产,shmb600048
600050,中国联通,shmb600050
600051,宁波联合,shmb600051
600052,浙江广厦,shmb600052
600053,九鼎投资,shmb600053
600054,黄山旅游,shmb600054
600055,万东医疗,shmb600055
600056,中国医药,shmb600056
600057,象屿股份,shmb600057
600058,五矿发展,shmb600058
600059,古越龙山,shmb600059
600060,海信电器,shmb600060
600061,国投资本,shmb600061
600062,华润双鹤,shmb600062
600063,皖维高新,shmb600063
600064,南京高科,shmb600064
600066,宇通客车,shmb600066
600067,冠城大通,shmb600067
600068,葛洲坝,shmb600068
600069,银鸽投资,shmb600069
600070,浙江富润,shmb600070
600071,凤凰光学,shmb600071
600072,中船科技,shmb600072
600073,上海梅林,shmb600073
600074,ST保千里,shmb600074
600075,新疆天业,shmb600075
600076,康欣新材,shmb600076
600077,宋都股份,shmb600077
600078,澄星股份,shmb600078
600079,人福医药,shmb600079
600080,金花股份,shmb600080
600081,东风科技,shmb600081
600082,海泰发展,shmb600082
600083,博信股份,shmb600083
600084,中葡股份,shmb600084
600085,同仁堂,shmb600085
600086,东方金钰,shmb600086
600088,中视传媒,shmb600088
600089,特变电工,shmb600089
600090,同济堂,shmb600090
600091,ST明科,shmb600091
600093,易见股份,shmb600093
600094,大名城,shmb600094
600095,哈高科,shmb600095
600096,云天化,shmb600096
600097,开创国际,shmb600097
600098,广州发展,shmb600098
600099,林海股份,shmb600099
600100,同方股份,shmb600100
600101,明星电力,shmb600101
600103,青山纸业,shmb600103
600104,上汽集团,shmb600104
600105,永鼎股份,shmb600105
600106,重庆路桥,shmb600106
600107,美尔雅,shmb600107
600108,亚盛集团,shmb600108
600109,国金证券,shmb600109
600110,诺德股份,shmb600110
600111,北方稀土,shmb600111
600112,*ST天成,shmb600112
600113,浙江东日,shmb600113
600114,东睦股份,shmb600114
600115,东方航空,shmb600115
600116,三峡水利,shmb600116
600117,西宁特钢,shmb600117
600118,中国卫星,shmb600118
600119,长江投资,shmb600119
600120,浙江东方,shmb600120
600121,*ST郑煤,shmb600121
600122,宏图高科,shmb600122
600123,兰花科创,shmb600123
600125,铁龙物流,shmb600125
600126,杭钢股份,shmb600126
600127,金健米业,shmb600127
600128,弘业股份,shmb600128
600129,太极集团,shmb600129
600130,波导股份,shmb600130
600131,岷江水电,shmb600131
600132,重庆啤酒,shmb600132
600133,东湖高新,shmb600133
600135,乐凯胶片,shmb600135
600136,当代明诚,shmb600136
600137,浪莎股份,shmb600137
600138,中青旅,shmb600138
600139,西部资源,shmb600139
600141,兴发集团,shmb600141
600143,金发科技,shmb600143
600145,*ST新亿,shmb600145
600146,商赢环球,shmb600146
600148,长春一东,shmb600148
600149,*ST坊展,shmb600149
600150,中国船舶,shmb600150
600151,航天机电,shmb600151
600152,维科精华,shmb600152
600153,建发股份,shmb600153
600155,宝硕股份,shmb600155
600156,华升股份,shmb600156
600157,永泰能源,shmb600157
600158,中体产业,shmb600158
600159,大龙地产,shmb600159
600160,巨化股份,shmb600160
600161,天坛生物,shmb600161
600162,香江控股,shmb600162
600163,中闽能源,shmb600163
600165,新日恒力,shmb600165
600166,福田汽车,shmb600166
600167,联美控股,shmb600167
600168,武汉控股,shmb600168
600169,太原重工,shmb600169
600170,上海建工,shmb600170
600171,上海贝岭,shmb600171
600172,黄河旋风,shmb600172
600173,卧龙地产,shmb600173
600175,美都能源,shmb600175
600176,中国巨石,shmb600176
600177,雅戈尔,shmb600177
600178,东安动力,shmb600178
600179,安通控股,shmb600179
600180,瑞茂通,shmb600180
600182,S佳通,shmb600182
600183,生益科技,shmb600183
600184,光电股份,shmb600184
600185,格力地产,shmb600185
600186,莲花健康,shmb600186
600187,国中水务,shmb600187
600188,兖州煤业,shmb600188
600189,吉林森工,shmb600189
600190,锦州港,shmb600190
600191,华资实业,shmb600191
600192,长城电工,shmb600192
600193,创兴资源,shmb600193
600195,中牧股份,shmb600195
600196,复星医药,shmb600196
600197,伊力特,shmb600197
600198,大唐电信,shmb600198
600199,金种子酒,shmb600199
600200,江苏吴中,shmb600200
600201,生物股份,shmb600201
600202,哈空调,shmb600202
600203,福日电子,shmb600203
600206,有研新材,shmb600206
600207,安彩高科,shmb600207
600208,新湖中宝,shmb600208
600209,罗顿发展,shmb600209
600210,紫江企业,shmb600210
600211,西藏药业,shmb600211
600212,江泉实业,shmb600212
600213,亚星客车,shmb600213
600215,长春经开,shmb600215
600216,浙江医药,shmb600216
600217,中再资环,shmb600217
600218,全柴动力,shmb600218
600219,南山铝业,shmb600219
600220,江苏阳光,shmb600220
600221,海航控股,shmb600221
600222,太龙药业,shmb600222
600223,鲁商置业,shmb600223
600225,*ST松江,shmb600225
600226,瀚叶股份,shmb600226
600227,赤天化,shmb600227
600228,*ST昌九,shmb600228
600229,城市传媒,shmb600229
600230,沧州大化,shmb600230
600231,凌钢股份,shmb600231
600232,金鹰股份,shmb600232
600233,圆通速递,shmb600233
600234,ST山水,shmb600234
600235,民丰特纸,shmb600235
600236,桂冠电力,shmb600236
600237,铜峰电子,shmb600237
600238,海南椰岛,shmb600238
600239,云南城投,shmb600239
600240,华业资本,shmb600240
600241,时代万恒,shmb600241
600242,中昌数据,shmb600242
600243,青海华鼎,shmb600243
600246,万通地产,shmb600246
600247,ST成城,shmb600247
600248,延长化建,shmb600248
600249,两面针,shmb600249
600250,南纺股份,shmb600250
600251,冠农股份,shmb600251
600252,中恒集团,shmb600252
600255,梦舟股份,shmb600255
600256,广汇能源,shmb600256
600257,大湖股份,shmb600257
600258,首旅酒店,shmb600258
600259,广晟有色,shmb600259
600260,凯乐科技,shmb600260
600261,阳光照明,shmb600261
600262,北方股份,shmb600262
600265,ST景谷,shmb600265
600266,北京城建,shmb600266
600267,海正药业,shmb600267
600268,国电南自,shmb600268
600269,赣粤高速,shmb600269
600270,外运发展,shmb600270
600271,航天信息,shmb600271
600272,开开实业,shmb600272
600273,嘉化能源,shmb600273
600275,*ST昌鱼,shmb600275
600276,恒瑞医药,shmb600276
600277,亿利洁能,shmb600277
600278,东方创业,shmb600278
600279,重庆港九,shmb600279
600280,中央商场,shmb600280
600281,太化股份,shmb600281
600282,南钢股份,shmb600282
600283,钱江水利,shmb600283
600284,浦东建设,shmb600284
600285,羚锐制药,shmb600285
600287,江苏舜天,shmb600287
600288,大恒科技,shmb600288
600289,ST信通,shmb600289
600290,华仪电气,shmb600290
600291,西水股份,shmb600291
600292,远达环保,shmb600292
600293,三峡新材,shmb600293
600295,鄂尔多斯,shmb600295
600297,广汇汽车,shmb600297
600298,安琪酵母,shmb600298
600299,安迪苏,shmb600299
600300,维维股份,shmb600300
600301,ST南化,shmb600301
600302,标准股份,shmb600302
600303,曙光股份,shmb600303
600305,恒顺醋业,shmb600305
600306,商业城,shmb600306
600307,酒钢宏兴,shmb600307
600308,华泰股份,shmb600308
600309,万华化学,shmb600309
600310,桂东电力,shmb600310
600311,荣华实业,shmb600311
600312,平高电气,shmb600312
600313,农发种业,shmb600313
600315,上海家化,shmb600315
600316,洪都航空,shmb600316
600317,营口港,shmb600317
600318,新力金融,shmb600318
600319,亚星化学,shmb600319
600320,振华重工,shmb600320
600321,正源股份,shmb600321
600322,天房发展,shmb600322
600323,瀚蓝环境,shmb600323
600325,华发股份,shmb600325
600326,西藏天路,shmb600326
600327,大东方,shmb600327
600328,兰太实业,shmb600328
600329,中新药业,shmb600329
600330,天通股份,shmb600330
600331,宏达股份,shmb600331
600332,白云山,shmb600332
600333,长春燃气,shmb600333
600335,国机汽车,shmb600335
600336,澳柯玛,shmb600336
600337,美克家居,shmb600337
600338,西藏珠峰,shmb600338
600339,中油工程,shmb600339
600340,华夏幸福,shmb600340
600343,航天动力,shmb600343
600345,长江通信,shmb600345
600346,恒力股份,shmb600346
600348,阳泉煤业,shmb600348
600350,山东高速,shmb600350
600351,亚宝药业,shmb600351
600352,浙江龙盛,shmb600352
600353,旭光股份,shmb600353
600354,敦煌种业,shmb600354
600355,精伦电子,shmb600355
600356,恒丰纸业,shmb600356
600358,国旅联合,shmb600358
600359,新农开发,shmb600359
600360,华微电子,shmb600360
600361,华联综超,shmb600361
600362,江西铜业,shmb600362
600363,联创光电,shmb600363
600365,通葡股份,shmb600365
600366,宁波韵升,shmb600366
600367,红星发展,shmb600367
600368,五洲交通,shmb600368
600369,西南证券,shmb600369
600370,三房巷,shmb600370
600371,万向德农,shmb600371
600372,中航电子,shmb600372
600373,中文传媒,shmb600373
600375,华菱星马,shmb600375
600376,首开股份,shmb600376
600377,宁沪高速,shmb600377
600378,天科股份,shmb600378
600379,宝光股份,shmb600379
600380,健康元,shmb600380
600381,青海春天,shmb600381
600382,广东明珠,shmb600382
600383,金地集团,shmb600383
600385,山东金泰,shmb600385
600386,北巴传媒,shmb600386
600387,海越股份,shmb600387
600388,龙净环保,shmb600388
600389,江山股份,shmb600389
600390,五矿资本,shmb600390
600391,航发科技,shmb600391
600392,盛和资源,shmb600392
600393,粤泰股份,shmb600393
600395,盘江股份,shmb600395
600396,金山股份,shmb600396
600397,安源煤业,shmb600397
600398,海澜之家,shmb600398
600399,抚顺特钢,shmb600399
600400,红豆股份,shmb600400
600401,*ST海润,shmb600401
600403,*ST大有,shmb600403
600405,动力源,shmb600405
600406,国电南瑞,shmb600406
600408,安泰集团,shmb600408
600409,三友化工,shmb600409
600410,华胜天成,shmb600410
600415,小商品城,shmb600415
600416,湘电股份,shmb600416
600418,江淮汽车,shmb600418
600419,天润乳业,shmb600419
600420,现代制药,shmb600420
600421,ST仰帆,shmb600421
600422,昆药集团,shmb600422
600423,*ST柳化,shmb600423
600425,*ST青松,shmb600425
600426,华鲁恒升,shmb600426
600428,中远海特,shmb600428
600429,三元股份,shmb600429
600432,*ST吉恩,shmb600432
600433,冠豪高新,shmb600433
600435,北方导航,shmb600435
600436,片仔癀,shmb600436
600438,通威股份,shmb600438
600439,瑞贝卡,shmb600439
600444,国机通用,shmb600444
600446,金证股份,shmb600446
600448,华纺股份,shmb600448
600449,宁夏建材,shmb600449
600452,涪陵电力,shmb600452
600455,博通股份,shmb600455
600456,宝钛股份,shmb600456
600458,时代新材,shmb600458
600459,贵研铂业,shmb600459
600460,士兰微,shmb600460
600461,洪城水业,shmb600461
600462,九有股份,shmb600462
600463,空港股份,shmb600463
600466,蓝光发展,shmb600466
600467,好当家,shmb600467
600468,百利电气,shmb600468
600469,风神股份,shmb600469
600470,六国化工,shmb600470
600475,华光股份,shmb600475
600476,湘邮科技,shmb600476
600477,杭萧钢构,shmb600477
600478,科力远,shmb600478
600479,千金药业,shmb600479
600480,凌云股份,shmb600480
600481,双良节能,shmb600481
600482,中国动力,shmb600482
600483,福能股份,shmb600483
600485,信威集团,shmb600485
600486,扬农化工,shmb600486
600487,亨通光电,shmb600487
600488,天药股份,shmb600488
600489,中金黄金,shmb600489
600490,鹏欣资源,shmb600490
600491,龙元建设,shmb600491
600493,凤竹纺织,shmb600493
600495,晋西车轴,shmb600495
600496,精工钢构,shmb600496
600497,驰宏锌锗,shmb600497
600498,烽火通信,shmb600498
600499,科达洁能,shmb600499
600500,中化国际,shmb600500
600501,航天晨光,shmb600501
600502,安徽水利,shmb600502
600503,华丽家族,shmb600503
600505,西昌电力,shmb600505
600506,香梨股份,shmb600506
600507,方大特钢,shmb600507
600508,上海能源,shmb600508
600509,天富能源,shmb600509
600510,黑牡丹,shmb600510
600511,国药股份,shmb600511
600512,腾达建设,shmb600512
600513,联环药业,shmb600513
600515,海航基础,shmb600515
600516,方大炭素,shmb600516
600517,置信电气,shmb600517
600518,康美药业,shmb600518
600519,贵州茅台,shmb600519
600520,文一科技,shmb600520
600521,华海药业,shmb600521
600522,中天科技,shmb600522
600523,贵航股份,shmb600523
600525,长园集团,shmb600525
600526,菲达环保,shmb600526
600527,江南高纤,shmb600527
600528,中铁工业,shmb600528
600529,山东药玻,shmb600529
600530,交大昂立,shmb600530
600531,豫光金铅,shmb600531
600532,宏达矿业,shmb600532
600533,栖霞建设,shmb600533
600535,天士力,shmb600535
600536,中国软件,shmb600536
600537,亿晶光电,shmb600537
600538,国发股份,shmb600538
600539,狮头股份,shmb600539
600540,*ST新赛,shmb600540
600543,莫高股份,shmb600543
600545,卓郎智能,shmb600545
600546,山煤国际,shmb600546
600547,山东黄金,shmb600547
600548,深高速,shmb600548
600549,厦门钨业,shmb600549
600550,保变电气,shmb600550
600551,时代出版,shmb600551
600552,凯盛科技,shmb600552
600555,海航创新,shmb600555
600556,ST慧球,shmb600556
600557,康缘药业,shmb600557
600558,大西洋,shmb600558
600559,老白干酒,shmb600559
600560,金自天正,shmb600560
600561,江西长运,shmb600561
600562,国睿科技,shmb600562
600563,法拉电子,shmb600563
600565,迪马股份,shmb600565
600566,济川药业,shmb600566
600567,山鹰纸业,shmb600567
600568,中珠医疗,shmb600568
600569,安阳钢铁,shmb600569
600570,恒生电子,shmb600570
600571,信雅达,shmb600571
600572,康恩贝,shmb600572
600573,惠泉啤酒,shmb600573
600575,皖江物流,shmb600575
600576,祥源文化,shmb600576
600577,精达股份,shmb600577
600578,京能电力,shmb600578
600579,天华院,shmb600579
600580,卧龙电气,shmb600580
600581,八一钢铁,shmb600581
600582,天地科技,shmb600582
600583,海油工程,shmb600583
600584,长电科技,shmb600584
600585,海螺水泥,shmb600585
600586,金晶科技,shmb600586
600587,新华医疗,shmb600587
600588,用友网络,shmb600588
600589,广东榕泰,shmb600589
600590,泰豪科技,shmb600590
600592,龙溪股份,shmb600592
600593,大连圣亚,shmb600593
600594,益佰制药,shmb600594
600595,中孚实业,shmb600595
600596,新安股份,shmb600596
600597,光明乳业,shmb600597
600598,北大荒,shmb600598
600599,熊猫金控,shmb600599
600600,青岛啤酒,shmb600600
600601,方正科技,shmb600601
600602,云赛智联,shmb600602
600603,广汇物流,shmb600603
600604,市北高新,shmb600604
600605,汇通能源,shmb600605
600606,绿地控股,shmb600606
600608,*ST沪科,shmb600608
600609,金杯汽车,shmb600609
600610,中毅达,shmb600610
600611,大众交通,shmb600611
600612,老凤祥,shmb600612
600613,神奇制药,shmb600613
600614,鹏起科技,shmb600614
600615,丰华股份,shmb600615
600616,金枫酒业,shmb600616
600617,国新能源,shmb600617
600618,氯碱化工,shmb600618
600619,海立股份,shmb600619
600620,天宸股份,shmb600620
600621,华鑫股份,shmb600621
600622,光大嘉宝,shmb600622
600623,华谊集团,shmb600623
600624,复旦复华,shmb600624
600626,申达股份,shmb600626
600628,新世界,shmb600628
600629,华建集团,shmb600629
600630,龙头股份,shmb600630
600633,浙数文化,shmb600633
600634,富控互动,shmb600634
600635,大众公用,shmb600635
600636,*ST爱富,shmb600636
600637,东方明珠,shmb600637
600638,新黄浦,shmb600638
600639,浦东金桥,shmb600639
600640,号百控股,shmb600640
600641,万业企业,shmb600641
600642,申能股份,shmb600642
600643,爱建集团,shmb600643
600644,乐山电力,shmb600644
600645,中源协和,shmb600645
600647,同达创业,shmb600647
600648,外高桥,shmb600648
600649,城投控股,shmb600649
600650,锦江投资,shmb600650
600651,飞乐音响,shmb600651
600652,游久游戏,shmb600652
600653,申华控股,shmb600653
600654,*ST中安,shmb600654
600655,豫园股份,shmb600655
600657,信达地产,shmb600657
600658,电子城,shmb600658
600660,福耀玻璃,shmb600660
600661,新南洋,shmb600661
600662,强生控股,shmb600662
600663,陆家嘴,shmb600663
600664,哈药股份,shmb600664
600665,天地源,shmb600665
600666,奥瑞德,shmb600666
600667,太极实业,shmb600667
600668,尖峰集团,shmb600668
600671,天目药业,shmb600671
600673,东阳光科,shmb600673
600674,川投能源,shmb600674
600675,中华企业,shmb600675
600676,交运股份,shmb600676
600677,航天通信,shmb600677
600678,四川金顶,shmb600678
600679,上海凤凰,shmb600679
600680,*ST上普,shmb600680
600681,百川能源,shmb600681
600682,南京新百,shmb600682
600683,京投发展,shmb600683
600684,珠江实业,shmb600684
600685,中船防务,shmb600685
600686,金龙汽车,shmb600686
600687,刚泰控股,shmb600687
600688,上海石化,shmb600688
600689,上海三毛,shmb600689
600690,青岛海尔,shmb600690
600691,阳煤化工,shmb600691
600692,亚通股份,shmb600692
600693,东百集团,shmb600693
600694,大商股份,shmb600694
600695,绿庭投资,shmb600695
600696,*ST匹凸,shmb600696
600697,欧亚集团,shmb600697
600698,湖南天雁,shmb600698
600699,均胜电子,shmb600699
600701,工大高新,shmb600701
600702,沱牌舍得,shmb600702
600703,三安光电,shmb600703
600704,物产中大,shmb600704
600705,中航资本,shmb600705
600706,曲江文旅,shmb600706
600707,彩虹股份,shmb600707
600708,光明地产,shmb600708
600710,ST常林,shmb600710
600711,盛屯矿业,shmb600711
600712,南宁百货,shmb600712
600713,南京医药,shmb600713
600714,金瑞矿业,shmb600714
600715,文投控股,shmb600715
600716,凤凰股份,shmb600716
600717,天津港,shmb600717
600718,东软集团,shmb600718
600719,大连热电,shmb600719
600720,祁连山,shmb600720
600721,百花村,shmb600721
600722,金牛化工,shmb600722
600723,首商股份,shmb600723
600724,宁波富达,shmb600724
600725,ST云维,shmb600725
600726,华电能源,shmb600726
600727,鲁北化工,shmb600727
600728,佳都科技,shmb600728
600729,重庆百货,shmb600729
600730,中国高科,shmb600730
600731,湖南海利,shmb600731
600732,ST新梅,shmb600732
600733,S*ST前锋,shmb600733
600734,实达集团,shmb600734
600735,新华锦,shmb600735
600736,苏州高新,shmb600736
600737,中粮糖业,shmb600737
600738,兰州民百,shmb600738
600739,辽宁成大,shmb600739
600740,山西焦化,shmb600740
600741,华域汽车,shmb600741
600742,一汽富维,shmb600742
600743,华远地产,shmb600743
600744,华银电力,shmb600744
600745,闻泰科技,shmb600745
600746,江苏索普,shmb600746
600747,*ST大控,shmb600747
600748,上实发展,shmb600748
600749,西藏旅游,shmb600749
600750,江中药业,shmb600750
600751,天海投资,shmb600751
600753,东方银星,shmb600753
600754,锦江股份,shmb600754
600755,厦门国贸,shmb600755
600756,浪潮软件,shmb600756
600757,长江传媒,shmb600757
600758,红阳能源,shmb600758
600759,洲际油气,shmb600759
600760,中航沈飞,shmb600760
600761,安徽合力,shmb600761
600763,通策医疗,shmb600763
600764,中电广通,shmb600764
600765,中航重机,shmb600765
600766,园城黄金,shmb600766
600767,*ST运盛,shmb600767
600768,宁波富邦,shmb600768
600769,祥龙电业,shmb600769
600770,综艺股份,shmb600770
600771,广誉远,shmb600771
600773,西藏城投,shmb600773
600774,汉商集团,shmb600774
600775,南京熊猫,shmb600775
600776,东方通信,shmb600776
600777,新潮能源,shmb600777
600778,友好集团,shmb600778
600779,水井坊,shmb600779
600780,通宝能源,shmb600780
600781,辅仁药业,shmb600781
600782,新钢股份,shmb600782
600783,鲁信创投,shmb600783
600784,鲁银投资,shmb600784
600785,新华百货,shmb600785
600787,中储股份,shmb600787
600789,鲁抗医药,shmb600789
600790,轻纺城,shmb600790
600791,京能置业,shmb600791
600792,云煤能源,shmb600792
600793,宜宾纸业,shmb600793
600794,保税科技,shmb600794
600795,国电电力,shmb600795
600796,钱江生化,shmb600796
600797,浙大网新,shmb600797
600798,宁波海运,shmb600798
600800,天津磁卡,shmb600800
600801,华新水泥,shmb600801
600802,福建水泥,shmb600802
600803,新奥股份,shmb600803
600804,鹏博士,shmb600804
600805,悦达投资,shmb600805
600806,*ST昆机,shmb600806
600807,天业股份,shmb600807
600808,马钢股份,shmb600808
600809,山西汾酒,shmb600809
600810,神马股份,shmb600810
600811,东方集团,shmb600811
600812,华北制药,shmb600812
600814,杭州解百,shmb600814
600815,*ST厦工,shmb600815
600816,安信信托,shmb600816
600817,*ST宏盛,shmb600817
600818,中路股份,shmb600818
600819,耀皮玻璃,shmb600819
600820,隧道股份,shmb600820
600821,津劝业,shmb600821
600822,上海物贸,shmb600822
600823,世茂股份,shmb600823
600824,益民集团,shmb600824
600825,新华传媒,shmb600825
600826,兰生股份,shmb600826
600827,百联股份,shmb600827
600828,茂业商业,shmb600828
600829,人民同泰,shmb600829
600830,香溢融通,shmb600830
600831,广电网络,shmb600831
600833,第一医药,shmb600833
600834,申通地铁,shmb600834
600835,上海机电,shmb600835
600836,界龙实业,shmb600836
600837,海通证券,shmb600837
600838,上海九百,shmb600838
600839,四川长虹,shmb600839
600841,上柴股份,shmb600841
600843,上工申贝,shmb600843
600844,*ST丹科,shmb600844
600845,宝信软件,shmb600845
600846,同济科技,shmb600846
600847,*ST万里,shmb600847
600848,上海临港,shmb600848
600850,华东电脑,shmb600850
600851,海欣股份,shmb600851
600853,龙建股份,shmb600853
600854,春兰股份,shmb600854
600855,航天长峰,shmb600855
600856,中天能源,shmb600856
600857,宁波中百,shmb600857
600858,银座股份,shmb600858
600859,王府井,shmb600859
600860,*ST京城,shmb600860
600861,北京城乡,shmb600861
600862,中航高科,shmb600862
600863,内蒙华电,shmb600863
600864,哈投股份,shmb600864
600865,百大集团,shmb600865
600866,星湖科技,shmb600866
600867,通化东宝,shmb600867
600868,梅雁吉祥,shmb600868
600869,智慧能源,shmb600869
600870,厦华电子,shmb600870
600871,石化油服,shmb600871
600872,中炬高新,shmb600872
600873,梅花生物,shmb600873
600874,创业环保,shmb600874
600875,东方电气,shmb600875
600876,洛阳玻璃,shmb600876
600877,*ST嘉陵,shmb600877
600879,航天电子,shmb600879
600880,博瑞传播,shmb600880
600881,亚泰集团,shmb600881
600882,广泽股份,shmb600882
600883,博闻科技,shmb600883
600884,杉杉股份,shmb600884
600885,宏发股份,shmb600885
600886,国投电力,shmb600886
600887,伊利股份,shmb600887
600888,新疆众和,shmb600888
600889,南京化纤,shmb600889
600890,中房股份,shmb600890
600891,秋林集团,shmb600891
600892,大晟文化,shmb600892
600893,航发动力,shmb600893
600894,广日股份,shmb600894
600895,张江高科,shmb600895
600896,览海投资,shmb600896
600897,厦门空港,shmb600897
600898,国美通讯,shmb600898
600900,长江电力,shmb600900
600903,贵州燃气,shmb600903
600908,无锡银行,shmb600908
600909,华安证券,shmb600909
600917,重庆燃气,shmb600917
600919,江苏银行,shmb600919
600926,杭州银行,shmb600926
600933,爱柯迪,shmb600933
600936,广西广电,shmb600936
600939,重庆建工,shmb600939
600958,东方证券,shmb600958
600959,江苏有线,shmb600959
600960,渤海活塞,shmb600960
600961,株冶集团,shmb600961
600962,国投中鲁,shmb600962
600963,岳阳林纸,shmb600963
600965,福成股份,shmb600965
600966,博汇纸业,shmb600966
600967,内蒙一机,shmb600967
600969,郴电国际,shmb600969
600970,中材国际,shmb600970
600971,恒源煤电,shmb600971
600973,宝胜股份,shmb600973
600975,新五丰,shmb600975
600976,健民集团,shmb600976
600977,中国电影,shmb600977
600978,宜华生活,shmb600978
600979,广安爱众,shmb600979
600980,北矿科技,shmb600980
600981,汇鸿集团,shmb600981
600982,宁波热电,shmb600982
600983,惠而浦,shmb600983
600984,建设机械,shmb600984
600985,雷鸣科化,shmb600985
600986,科达股份,shmb600986
600987,航民股份,shmb600987
600988,赤峰黄金,shmb600988
600990,四创电子,shmb600990
600992,贵绳股份,shmb600992
600993,马应龙,shmb600993
600995,文山电力,shmb600995
600996,贵广网络,shmb600996
600997,开滦股份,shmb600997
600998,九州通,shmb600998
600999,招商证券,shmb600999
601000,唐山港,shmb601000
601001,大同煤业,shmb601001
601002,晋亿实业,shmb601002
601003,柳钢股份,shmb601003
601005,*ST重钢,shmb601005
601006,大秦铁路,shmb601006
601007,金陵饭店,shmb601007
601008,连云港,shmb601008
601009,南京银行,shmb601009
601010,文峰股份,shmb601010
601011,宝泰隆,shmb601011
601012,隆基股份,shmb601012
601015,陕西黑猫,shmb601015
601016,节能风电,shmb601016
601018,宁波港,shmb601018
601019,山东出版,shmb601019
601020,华钰矿业,shmb601020
601021,春秋航空,shmb601021
601028,玉龙股份,shmb601028
601038,一拖股份,shmb601038
601058,赛轮金宇,shmb601058
601069,西部黄金,shmb601069
601086,国芳集团,shmb601086
601088,中国神华,shmb601088
601098,中南传媒,shmb601098
601099,太平洋,shmb601099
601100,恒立液压,shmb601100
601101,昊华能源,shmb601101
601106,*ST一重,shmb601106
601107,四川成渝,shmb601107
601108,财通证券,shmb601108
601111,中国国航,shmb601111
601113,华鼎股份,shmb601113
601116,三江购物,shmb601116
601117,中国化学,shmb601117
601118,海南橡胶,shmb601118
601126,四方股份,shmb601126
601127,小康股份,shmb601127
601128,常熟银行,shmb601128
601137,博威合金,shmb601137
601139,深圳燃气,shmb601139
601155,新城控股,shmb601155
601158,重庆水务,shmb601158
601163,三角轮胎,shmb601163
601166,兴业银行,shmb601166
601168,西部矿业,shmb601168
601169,北京银行,shmb601169
601177,杭齿前进,shmb601177
601179,中国西电,shmb601179
601186,中国铁建,shmb601186
601188,龙江交通,shmb601188
601198,东兴证券,shmb601198
601199,江南水务,shmb601199
601200,上海环境,shmb601200
601206,海尔施,shmb601206
601208,东材科技,shmb601208
601211,国泰君安,shmb601211
601212,白银有色,shmb601212
601216,君正集团,shmb601216
601218,吉鑫科技,shmb601218
601222,林洋能源,shmb601222
601225,陕西煤业,shmb601225
601226,华电重工,shmb601226
601228,广州港,shmb601228
601229,上海银行,shmb601229
601231,环旭电子,shmb601231
601233,桐昆股份,shmb601233
601238,广汽集团,shmb601238
601258,庞大集团,shmb601258
601288,农业银行,shmb601288
601311,骆驼股份,shmb601311
601313,江南嘉捷,shmb601313
601318,中国平安,shmb601318
601326,秦港股份,shmb601326
601328,交通银行,shmb601328
601333,广深铁路,shmb601333
601336,新华保险,shmb601336
601339,百隆东方,shmb601339
601366,利群股份,shmb601366
601368,绿城水务,shmb601368
601369,陕鼓动力,shmb601369
601375,中原证券,shmb601375
601377,兴业证券,shmb601377
601388,怡球资源,shmb601388
601390,中国中铁,shmb601390
601398,工商银行,shmb601398
601500,通用股份,shmb601500
601515,东风股份,shmb601515
601518,吉林高速,shmb601518
601519,*ST智慧,shmb601519
601555,东吴证券,shmb601555
601558,*ST锐电,shmb601558
601566,九牧王,shmb601566
601567,三星医疗,shmb601567
601579,会稽山,shmb601579
601588,北辰实业,shmb601588
601595,上海电影,shmb601595
601599,鹿港文化,shmb601599
601600,中国铝业,shmb601600
601601,中国太保,shmb601601
601607,上海医药,shmb601607
601608,中信重工,shmb601608
601611,中国核建,shmb601611
601616,广电电气,shmb601616
601618,中国中冶,shmb601618
601619,嘉泽新能,shmb601619
601628,中国人寿,shmb601628
601633,长城汽车,shmb601633
601636,旗滨集团,shmb601636
601666,平煤股份,shmb601666
601668,中国建筑,shmb601668
601669,中国电建,shmb601669
601677,明泰铝业,shmb601677
601678,滨化股份,shmb601678
601688,华泰证券,shmb601688
601689,拓普集团,shmb601689
601699,潞安环能,shmb601699
601700,风范股份,shmb601700
601717,郑煤机,shmb601717
601718,际华集团,shmb601718
601727,上海电气,shmb601727
601766,中国中车,shmb601766
601777,力帆股份,shmb601777
601788,光大证券,shmb601788
601789,宁波建工,shmb601789
601798,蓝科高新,shmb601798
601799,星宇股份,shmb601799
601800,中国交建,shmb601800
601801,皖新传媒,shmb601801
601808,中海油服,shmb601808
601811,新华文轩,shmb601811
601818,光大银行,shmb601818
601828,美凯龙,shmb601828
601838,成都银行,shmb601838
601857,中国石油,shmb601857
601858,中国科传,shmb601858
601866,中远海发,shmb601866
601872,招商轮船,shmb601872
601877,正泰电器,shmb601877
601878,浙商证券,shmb601878
601880,大连港,shmb601880
601881,中国银河,shmb601881
601882,海天精工,shmb601882
601886,江河集团,shmb601886
601888,中国国旅,shmb601888
601890,亚星锚链,shmb601890
601898,中煤能源,shmb601898
601899,紫金矿业,shmb601899
601900,南方传媒,shmb601900
601901,方正证券,shmb601901
601908,京运通,shmb601908
601918,新集能源,shmb601918
601919,中远海控,shmb601919
601928,凤凰传媒,shmb601928
601929,吉视传媒,shmb601929
601933,永辉超市,shmb601933
601939,建设银行,shmb601939
601949,中国出版,shmb601949
601952,苏垦农发,shmb601952
601958,金钼股份,shmb601958
601965,中国汽研,shmb601965
601966,玲珑轮胎,shmb601966
601968,宝钢包装,shmb601968
601969,海南矿业,shmb601969
601985,中国核电,shmb601985
601988,中国银行,shmb601988
601989,中国重工,shmb601989
601991,大唐发电,shmb601991
601992,金隅集团,shmb601992
601996,丰林集团,shmb601996
601997,贵阳银行,shmb601997
601998,中信银行,shmb601998
601999,出版传媒,shmb601999
603000,人民网,shmb603000
603001,奥康国际,shmb603001
603002,宏昌电子,shmb603002
603003,龙宇燃油,shmb603003
603005,晶方科技,shmb603005
603006,联明股份,shmb603006
603007,花王股份,shmb603007
603008,喜临门,shmb603008
603009,北特科技,shmb603009
603010,万盛股份,shmb603010
603011,合锻智能,shmb603011
603012,创力集团,shmb603012
603015,弘讯科技,shmb603015
603016,新宏泰,shmb603016
603017,中衡设计,shmb603017
603018,中设集团,shmb603018
603019,中科曙光,shmb603019
603020,爱普股份,shmb603020
603021,山东华鹏,shmb603021
603022,新通联,shmb603022
603023,威帝股份,shmb603023
603025,大豪科技,shmb603025
603026,石大胜华,shmb603026
603027,千禾味业,shmb603027
603028,赛福天,shmb603028
603029,天鹅股份,shmb603029
603030,全筑股份,shmb603030
603031,安德利,shmb603031
603032,德新交运,shmb603032
603033,三维股份,shmb603033
603035,常熟汽饰,shmb603035
603036,如通股份,shmb603036
603037,凯众股份,shmb603037
603038,华立股份,shmb603038
603039,泛微网络,shmb603039
603040,新坐标,shmb603040
603041,美思德,shmb603041
603042,华脉科技,shmb603042
603043,广州酒家,shmb603043
603050,科林电气,shmb603050
603055,台华新材,shmb603055
603056,德邦股份,shmb603056
603058,永吉股份,shmb603058
603060,国检集团,shmb603060
603063,禾望电气,shmb603063
603066,音飞储存,shmb603066
603067,振华股份,shmb603067
603069,海汽集团,shmb603069
603076,乐惠国际,shmb603076
603077,和邦生物,shmb603077
603078,江化微,shmb603078
603079,圣达生物,shmb603079
603080,新疆火炬,shmb603080
603081,大丰实业,shmb603081
603083,剑桥科技,shmb603083
603085,天成自控,shmb603085
603086,先达股份,shmb603086
603088,宁波精达,shmb603088
603089,正裕工业,shmb603089
603090,宏盛股份,shmb603090
603096,新经典,shmb603096
603098,森特股份,shmb603098
603099,长白山,shmb603099
603100,川仪股份,shmb603100
603101,汇嘉时代,shmb603101
603103,横店影视,shmb603103
603106,恒银金融,shmb603106
603108,润达医疗,shmb603108
603110,东方材料,shmb603110
603111,康尼机电,shmb603111
603113,金能科技,shmb603113
603116,红蜻蜓,shmb603116
603117,万林股份,shmb603117
603118,共进股份,shmb603118
603123,翠微股份,shmb603123
603126,中材节能,shmb603126
603127,昭衍新药,shmb603127
603128,华贸物流,shmb603128
603129,春风动力,shmb603129
603131,上海沪工,shmb603131
603133,碳元科技,shmb603133
603136,天目湖,shmb603136
603138,海量数据,shmb603138
603139,康惠制药,shmb603139
603156,养元饮品,shmb603156
603157,拉夏贝尔,shmb603157
603158,腾龙股份,shmb603158
603159,上海亚虹,shmb603159
603160,汇顶科技,shmb603160
603161,科华控股,shmb603161
603165,荣晟环保,shmb603165
603166,福达股份,shmb603166
603167,渤海轮渡,shmb603167
603168,莎普爱思,shmb603168
603169,兰石重装,shmb603169
603177,德创环保,shmb603177
603178,圣龙股份,shmb603178
603179,新泉股份,shmb603179
603180,金牌厨柜,shmb603180
603181,皇马科技,shmb603181
603183,建研院,shmb603183
603186,华正新材,shmb603186
603188,亚邦股份,shmb603188
603189,网达软件,shmb603189
603196,日播时尚,shmb603196
603197,保隆科技,shmb603197
603198,迎驾贡酒,shmb603198
603199,九华旅游,shmb603199
603200,上海洗霸,shmb603200
603203,快克股份,shmb603203
603208,江山欧派,shmb603208
603218,日月股份,shmb603218
603222,济民制药,shmb603222
603223,恒通股份,shmb603223
603225,新凤鸣,shmb603225
603226,菲林格尔,shmb603226
603227,雪峰科技,shmb603227
603228,景旺电子,shmb603228
603229,奥翔药业,shmb603229
603232,格尔软件,shmb603232
603233,大参林,shmb603233
603238,诺邦股份,shmb603238
603239,浙江仙通,shmb603239
603258,电魂网络,shmb603258
603260,合盛硅业,shmb603260
603266,天龙股份,shmb603266
603268,松发股份,shmb603268
603269,海鸥股份,shmb603269
603277,银都股份,shmb603277
603278,大业股份,shmb603278
603283,赛腾股份,shmb603283
603286,日盈电子,shmb603286
603288,海天味业,shmb603288
603289,泰瑞机器,shmb603289
603298,杭叉集团,shmb603298
603299,井神股份,shmb603299
603300,华铁科技,shmb603300
603302,鑫广绿环,shmb603302
603303,得邦照明,shmb603303
603305,旭升股份,shmb603305
603306,华懋科技,shmb603306
603308,应流股份,shmb603308
603309,维力医疗,shmb603309
603311,金海环境,shmb603311
603313,梦百合,shmb603313
603315,福鞍股份,shmb603315
603316,诚邦股份,shmb603316
603318,派思股份,shmb603318
603319,湘油泵,shmb603319
603320,迪贝电气,shmb603320
603321,梅轮电梯,shmb603321
603322,超讯通信,shmb603322
603323,吴江银行,shmb603323
603326,我乐家居,shmb603326
603328,依顿电子,shmb603328
603329,上海雅仕,shmb603329
603330,上海天洋,shmb603330
603331,百达精工,shmb603331
603333,明星电缆,shmb603333
603335,迪生力,shmb603335
603336,宏辉果蔬,shmb603336
603337,杰克股份,shmb603337
603338,浙江鼎力,shmb603338
603339,四方冷链,shmb603339
603345,安井食品,shmb603345
603355,莱克电气,shmb603355
603356,华菱精工,shmb603356
603357,设计总院,shmb603357
603358,华达科技,shmb603358
603359,东珠景观,shmb603359
603360,百傲化学,shmb603360
603363,傲农生物,shmb603363
603365,水星家纺,shmb603365
603366,日出东方,shmb603366
603367,辰欣药业,shmb603367
603368,柳州医药,shmb603368
603369,今世缘,shmb603369
603377,东方时尚,shmb603377
603378,亚士创能,shmb603378
603380,易德龙,shmb603380
603383,顶点软件,shmb603383
603385,惠达卫浴,shmb603385
603386,广东骏亚,shmb603386
603387,基蛋生物,shmb603387
603388,元成股份,shmb603388
603389,亚振家居,shmb603389
603393,新天然气,shmb603393
603396,金辰股份,shmb603396
603398,邦宝益智,shmb603398
603399,新华龙,shmb603399
603416,信捷电气,shmb603416
603421,鼎信通讯,shmb603421
603429,集友股份,shmb603429
603444,吉比特,shmb603444
603456,九洲药业,shmb603456
603458,勘设股份,shmb603458
603466,风语筑,shmb603466
603477,振静股份,shmb603477
603488,展鹏科技,shmb603488
603496,恒为科技,shmb603496
603499,翔港科技,shmb603499
603500,祥和实业,shmb603500
603501,韦尔股份,shmb603501
603505,金石资源,shmb603505
603506,南都物业,shmb603506
603507,振江股份,shmb603507
603508,思维列控,shmb603508
603515,欧普照明,shmb603515
603516,淳中科技,shmb603516
603517,绝味食品,shmb603517
603518,维格娜丝,shmb603518
603519,立霸股份,shmb603519
603520,司太立,shmb603520
603527,众源新材,shmb603527
603528,多伦科技,shmb603528
603533,掌阅科技,shmb603533
603535,嘉诚国际,shmb603535
603536,惠发股份,shmb603536
603538,美诺华,shmb603538
603555,贵人鸟,shmb603555
603556,海兴电力,shmb603556
603557,起步股份,shmb603557
603558,健盛集团,shmb603558
603559,中通国脉,shmb603559
603566,普莱柯,shmb603566
603567,珍宝岛,shmb603567
603568,伟明环保,shmb603568
603569,长久物流,shmb603569
603577,汇金通,shmb603577
603578,三星新材,shmb603578
603579,荣泰健康,shmb603579
603580,艾艾精工,shmb603580
603585,苏利股份,shmb603585
603586,金麒麟,shmb603586
603587,地素时尚,shmb603587
603588,高能环境,shmb603588
603589,口子窖,shmb603589
603595,东尼电子,shmb603595
603598,引力传媒,shmb603598
603599,广信股份,shmb603599
603600,永艺股份,shmb603600
603601,再升科技,shmb603601
603602,纵横通信,shmb603602
603603,博天环境,shmb603603
603605,珀莱雅,shmb603605
603606,东方电缆,shmb603606
603607,京华激光,shmb603607
603608,天创时尚,shmb603608
603609,禾丰牧业,shmb603609
603611,诺力股份,shmb603611
603612,索通发展,shmb603612
603615,茶花股份,shmb603615
603616,韩建河山,shmb603616
603617,君禾股份,shmb603617
603618,杭电股份,shmb603618
603619,中曼石油,shmb603619
603626,科森科技,shmb603626
603628,清源股份,shmb603628
603630,拉芳家化,shmb603630
603633,徕木股份,shmb603633
603636,南威软件,shmb603636
603637,镇海股份,shmb603637
603638,艾迪精密,shmb603638
603639,海利尔,shmb603639
603648,畅联股份,shmb603648
603655,朗博科技,shmb603655
603656,泰禾光电,shmb603656
603658,安图生物,shmb603658
603659,璞泰来,shmb603659
603660,苏州科达,shmb603660
603661,恒林股份,shmb603661
603663,三祥新材,shmb603663
603665,康隆达,shmb603665
603667,五洲新春,shmb603667
603668,天马科技,shmb603668
603669,灵康药业,shmb603669
603676,卫信康,shmb603676
603677,奇精机械,shmb603677
603678,火炬电子,shmb603678
603679,华体科技,shmb603679
603680,今创集团,shmb603680
603683,晶华新材,shmb603683
603685,晨丰科技,shmb603685
603686,龙马环卫,shmb603686
603688,石英股份,shmb603688
603689,皖天然气,shmb603689
603690,至纯科技,shmb603690
603696,安记食品,shmb603696
603698,航天工程,shmb603698
603699,纽威股份,shmb603699
603701,德宏股份,shmb603701
603703,盛洋科技,shmb603703
603707,健友股份,shmb603707
603708,家家悦,shmb603708
603709,中源家居,shmb603709
603711,香飘飘,shmb603711
603716,塞力斯,shmb603716
603717,天域生态,shmb603717
603718,海利生物,shmb603718
603721,中广天择,shmb603721
603722,阿科力,shmb603722
603725,天安新材,shmb603725
603726,朗迪集团,shmb603726
603727,博迈科,shmb603727
603728,鸣志电器,shmb603728
603729,龙韵股份,shmb603729
603730,岱美股份,shmb603730
603737,三棵树,shmb603737
603738,泰晶科技,shmb603738
603757,大元泵业,shmb603757
603758,秦安股份,shmb603758
603766,隆鑫通用,shmb603766
603767,中马传动,shmb603767
603768,常青股份,shmb603768
603776,永安行,shmb603776
603777,来伊份,shmb603777
603778,乾景园林,shmb603778
603779,威龙股份,shmb603779
603787,新日股份,shmb603787
603788,宁波高发,shmb603788
603789,星光农机,shmb603789
603797,联泰环保,shmb603797
603798,康普顿,shmb603798
603799,华友钴业,shmb603799
603800,道森股份,shmb603800
603801,志邦股份,shmb603801
603803,瑞斯康达,shmb603803
603806,福斯特,shmb603806
603808,歌力思,shmb603808
603809,豪能股份,shmb603809
603811,诚意药业,shmb603811
603813,原尚股份,shmb603813
603816,顾家家居,shmb603816
603817,海峡环保,shmb603817
603818,曲美家居,shmb603818
603819,神力股份,shmb603819
603822,嘉澳环保,shmb603822
603823,百合花,shmb603823
603825,华扬联众,shmb603825
603826,坤彩科技,shmb603826
603828,柯利达,shmb603828
603829,洛凯股份,shmb603829
603833,欧派家居,shmb603833
603838,四通股份,shmb603838
603839,安正时尚,shmb603839
603843,正平股份,shmb603843
603848,好太太,shmb603848
603855,华荣股份,shmb603855
603856,东宏股份,shmb603856
603858,步长制药,shmb603858
603859,能科股份,shmb603859
603860,中公高科,shmb603860
603861,白云电器,shmb603861
603866,桃李面包,shmb603866
603868,飞科电器,shmb603868
603869,北部湾旅,shmb603869
603871,嘉友国际,shmb603871
603877,太平鸟,shmb603877
603878,武进不锈,shmb603878
603879,永悦科技,shmb603879
603880,南卫股份,shmb603880
603881,数据港,shmb603881
603882,金域医学,shmb603882
603883,老百姓,shmb603883
603885,吉祥航空,shmb603885
603886,元祖股份,shmb603886
603887,城地股份,shmb603887
603888,新华网,shmb603888
603889,新澳股份,shmb603889
603890,春秋电子,shmb603890
603895,天永智能,shmb603895
603896,寿仙谷,shmb603896
603898,好莱客,shmb603898
603899,晨光文具,shmb603899
603900,莱绅通灵,shmb603900
603901,永创智能,shmb603901
603903,中持股份,shmb603903
603906,龙蟠科技,shmb603906
603908,牧高笛,shmb603908
603909,合诚股份,shmb603909
603912,佳力图,shmb603912
603916,苏博特,shmb603916
603917,合力科技,shmb603917
603918,金桥信息,shmb603918
603919,金徽酒,shmb603919
603920,世运电路,shmb603920
603922,金鸿顺,shmb603922
603926,铁流股份,shmb603926
603928,兴业股份,shmb603928
603929,亚翔集成,shmb603929
603933,睿能科技,shmb603933
603936,博敏电子,shmb603936
603937,丽岛新材,shmb603937
603938,三孚股份,shmb603938
603939,益丰药房,shmb603939
603955,大千生态,shmb603955
603958,哈森股份,shmb603958
603959,百利科技,shmb603959
603960,克来机电,shmb603960
603963,大理药业,shmb603963
603966,法兰泰克,shmb603966
603968,醋化股份,shmb603968
603969,银龙股份,shmb603969
603970,中农立华,shmb603970
603976,正川股份,shmb603976
603977,国泰集团,shmb603977
603978,深圳新星,shmb603978
603979,金诚信,shmb603979
603980,吉华集团,shmb603980
603985,恒润股份,shmb603985
603986,兆易创新,shmb603986
603987,康德莱,shmb603987
603988,中电电机,shmb603988
603989,艾华集团,shmb603989
603990,麦迪科技,shmb603990
603991,至正股份,shmb603991
603993,洛阳钼业,shmb603993
603996,中新科技,shmb603996
603997,继峰股份,shmb603997
603998,方盛制药,shmb603998
603999,读者传媒,shmb603999
900901,云赛Ｂ股,shmb900901
900902,市北B股,shmb900902
900903,大众Ｂ股,shmb900903
900904,神奇B股,shmb900904
900905,老凤祥Ｂ,shmb900905
900906,中毅达B,shmb900906
900907,鹏起Ｂ股,shmb900907
900908,氯碱Ｂ股,shmb900908
900909,华谊B股,shmb900909
900910,海立Ｂ股,shmb900910
900911,金桥Ｂ股,shmb900911
900912,外高Ｂ股,shmb900912
900913,国新B股,shmb900913
900914,锦投Ｂ股,shmb900914
900915,中路Ｂ股,shmb900915
900916,凤凰B股,shmb900916
900917,海欣Ｂ股,shmb900917
900918,耀皮Ｂ股,shmb900918
900919,绿庭B股,shmb900919
900920,上柴Ｂ股,shmb900920
900921,*ST丹科B,shmb900921
900922,三毛B股,shmb900922
900923,百联Ｂ股,shmb900923
900924,上工Ｂ股,shmb900924
900925,机电Ｂ股,shmb900925
900926,宝信Ｂ,shmb900926
900927,物贸Ｂ股,shmb900927
900928,临港B股,shmb900928
900929,锦旅Ｂ股,shmb900929
900930,*ST沪普B,shmb900930
900932,陆家Ｂ股,shmb900932
900933,华新Ｂ股,shmb900933
900934,锦江Ｂ股,shmb900934
900936,鄂资Ｂ股,shmb900936
900937,华电Ｂ股,shmb900937
900938,天海B,shmb900938
900939,汇丽B,shmb900939
900940,大名城B,shmb900940
900941,东信Ｂ股,shmb900941
900942,黄山Ｂ股,shmb900942
900943,开开Ｂ股,shmb900943
900945,海控Ｂ股,shmb900945
900946,天雁B股,shmb900946
900947,振华Ｂ股,shmb900947
900948,伊泰Ｂ股,shmb900948
900951,*ST大化B,shmb900951
900952,锦港Ｂ股,shmb900952
900953,凯马Ｂ,shmb900953
900955,海创B股,shmb900955
900956,东贝Ｂ股,shmb900956
900957,凌云Ｂ股,shmb900957
